text,category
7.3k dislike adichavanmaarod onne parayanollu......  OMKV,Negative
Feeling sad am studying in punjab ivde release aakuvo,Negative
1k dislikes Ella dislike pannikalkum endhe naduviral namskaram,Negative
Adhikam hype venda,Negative
Natural venam polum side lottu maarinikke anganullavar korach mass okke nallaatha,Negative
Koora padam,Negative
Ennalum ente Idivettu suguna ninne ithilu kandillalo,Negative
Lokal poyi Madhura raja teaser kanada,Negative
Kuru potti olikknna 1k poojappura fans,Negative
Kure per dislike adich kuru pottikkunnund,Negative
Dislike adechath alla punnara makkalum anta veral,Negative
Samyuktha vendayirunnu.   Aishu pwoli ann,Negative
Trailer erangiyilla adhinu munpe pedich thoori dislike adikunna mammunnyolikal,Negative
Dislike adikunna mandanmar ariyunnilla ithu open akkiyal views nte ennam koodum ennu,Negative
Bro support koduthilenkilum dislike adikkathirunoode .,Negative
ee unlike adichavark oru asukam undu enthuvanan ariyamo asooya,Negative
Pirates of carbien aarum kanditilananu mone ninte vicharam,Negative
Dislike cheyunavanoke ethu naarikal aanenavo.... Chathude...   Kidukachi trailer vanetum dislike 1.1k Kashtam preshakare...,Negative
Ee Padam Kolamavukayaanengil it will be because of Peter hein,Negative
Avalude name veykkunille avar lead cheyyunna film alle..,Negative
ee padam 8 nilayil podannamennju prarthikunnju,Negative
Ayye poraaa.... lalettan nu role ille??,Negative
Ee trailer vachaaanooo luciferinodu muttaan varunnath,Negative
Moood poyi mood poyi aa sabune kandappol mood poyi,Negative
Dislike adicha pullanmarude mugathulla adiyavatte oro likum,Negative
Police ill minimum  hight elle  Aju oke police,Negative
Dislike cheydha thendigalk releasin kaanich therum nangal endhan mamangam enn,Negative
Trailer kandappo oru karym manasilayi eni mammooka fans luciferine velluvilikkilla,Negative
Pokiri Raja nte athra odulaa ee chithram eniku thonunnu....,Negative
Trailor kand 8 nilayil pottum enn thonunnu mumbathe pole tholvigal vaari kootan thudangunnu,Negative
Dislike myrolikalk ulla kandam Madhurayil orukkiyittund enn parayan paranju....,Negative
Trailer erghunathinn munbb .kanathe dislike adichavanmaar verum verum..... Feeling pucham to u all,Negative
Thalachorilla budhiyum illatha 11k aalkkar . Ninte okke thalakku ooolamanooo,Negative
Looks like netflix series oru film aayi coloring Mach aavunnilla,Negative
Veruthayayi kashu poyi pratheeshyode arum pokaruthe,Negative
173k views and 173k likes bakki kore mammunni fans 18k,Negative
Mammookaye pole dailog eathu salgilum prasant cheyyan kazhiyillannu ippo eniku manasilaayi,Negative
Thrissur slang paliyenn thonnunnath enikk mathramano?,Negative
Lucifer trailer erangiya day million views vannapo sudappi makkal endho paranjarunnallo.ikkede trailer onnu vannottu ennu alle?ennittu bhayangara views ahnallo不不不,Negative
Padam pottum... Charithram akanamenkil marakkar varanam,Negative
Da mwone madhurajaedatreum varilla ketto .nte vaka ellarkum chukavandanam,Negative
Ikkakk..valla  mass padavum cheythude....ithorumaathiri senti...cop,Negative
pora,Negative
Koora Trailer jattimaanii padam pottum 100percent lalappaaaaa,Negative
Prithiraje than ee pani nirthiko enthon kopile padamado,Negative
Onnpodaaa challenge inne undo 1 hour 50 k likes annn  madhara rajj kalikann venda,Negative
Police ne kuttam parayuna,Negative
Dis like idunna mammuny fansukrude pratheka sradhkku.raajaye kaathu padakkathinte mahaniya shekram staginte baakil inddu sookshicha dukkkiknda,Negative
Dislike pottikkunnavarkk kurupottalaathi kodukkapedum,Negative
Ethu powlikkum maduraraja yum puliyum myrumonnumalla nammukke vendate immatiri items aane,Negative
Trailer erengunenu mumb 5.2k dislike adichavanmark ente naduviral namaskaram,Negative
Poojapura mohanan fans moonchi.,Negative
OVER HYPE KODUTH EE OOLA PADATINU VENDI TALLIYA ELLA OOMBANMARAYA LALAPPAN FANSINTE KARANAKUTTIK NOKI ONN POTTIKAN TONUNNAVAR LIKE EDUKA,Negative
Enna njan oru kaaryam parayatte..ee padam pottum....odiyan avashtha aavum..mark my words,Negative
2.7k unlike adicha pengalepanni makkalkku ente naduviral namaskaram,Negative
Ethinokke dislike adikkunnavar aan malayala cinimayuday shapam,Negative
within 3hrs- 212k views,Negative
Atom bomb,Negative
Ith  arabikkadalinte simhamalla Hippo Pottamaas.Kunjali marakkare Baahubali dressokke itt priyadarshan abhamanikkunnu.Cashing vendi charithrathe Valachodikkunnu.,Negative
Kashtapettu Unlike cheyyunnavar aaruda fans ennathinu samsayamilla  iniyatra unlike adichalum avarkariyam Padam records bedikumennu,Negative
Manju..ival ithilum ondooo naasham..apo ee padavum njjn kaanunnilaa,Negative
dislike adicha 9.5 k dislikeolikalkkulla adi kodukkanulla nool,Negative
aaahaaaa negative comment aayi kure pannikal vannallllloooo,Negative
Trailer nte pokku kandattu valya pratheeksha illa..    nammade george ettans pole,Negative
Itrayum nalla Padam ee oola channelil enthinna ittee,Negative
E trailornu unlike adicha ella oolakalkum,Negative
Eee padam ettu nilayil moonchum,Negative
Trailer kandal ariyam nalla oombiya padam aanunn,Negative
enthu myru dailogado ikkayude ketitile athu pole para mo e.,Negative
Nannayi onnu poliyunna lakshnm unde...Thrill maintain cheyan ayillenkil,Negative
Njan oru Lalettan Fana Ennalum Enikk Teaser Ishtappettilla,Negative
Banal trash. Panavum nashtam samayavum nashtam.,Negative
Dislike adichavarode enik parayanullathe ikka uryir,Negative
poraa pratheeksha illa.. Tovi voice rendering sradhichitilla..... camera,Negative
Diriection mosamanu ennoru thonnal.. oru feel varunnilla,Negative
Pottum aenne urappayi .... Inne aethra nilayil pottum aennum koodi nokkiya mathi....,Negative
Vishakinte page allade vere onnum kityille subcribe cheyyann...38 k ane adil agge illed...minimum 500 k..vews ille subcribr kitenamayirunnu....,Negative
Oompitharam alle mr. Producer.,Negative
2300 dislikes trailer kanathe oohikalloo arokeyayirikumennu,Negative
Dislike adichirikanadu lalappan tenddikalairikum kolani valangal fuuu,Negative
Ithilum nallath pulimurugan trailer onnoode kanunnath aayirunnu,Negative
Dislike alla lappantta makkalum anta nadu veral,Negative
Ethra Alinja oru padam Mr mammotty nirthi poekode do,Negative
Trailer Iranghum munbe lalappans Dislike Adikkunnath Kando . Ithil ninnum Manassilakkam Rajaye Lalappans Pedikkunnu Ennu,Negative
Madhura raja kurach adikam viyarkum ... Thayoli fans inu dislike adikane pattu...,Negative
paandi raaja .Annan thanbi.pandi padam nirthi Lucifer movie  pole maaran sramik,Negative
Padam mosham akanamennu agrahichittavum padam trailer eraghum mumbe,Negative
Dislike adichavarkk ente vaka naduviral namskaaram,Negative
Dislike adichavar mamooty fans ayatinal onnum parayanilla. Raja 3 strong adaaa. Ijjati mammunniss,Negative
Ee padathinte Peru pole thannavum mikkavaarum padathinte avastha,Negative
Kanda chaavali raja pole alla... kidilan,Negative
Annalum sunny chechiye randu shotl othukkiyallo.. kashtam tanne muthalali,Negative
Trailer varunathinu mumbu Dislike adichavarku enta vaga,Negative
Usmanee.... Mmmuk eenthapaya kachavadam matti bala kachavadam tudangam.. Evdoo kettapole,Negative
Padathinte peru sheriyalla yenth unda oru veraity vende perinu.,Negative
Dislike adicha....... Kal poyi 1080 p itte kaanada naayikkale,Negative
Enthonn trailer urakkam varunnu ellaarum nalla kidilam ennu paranju kandu nokkiyadhaa oru rasavumill A  maalapadakkam,Negative
Dialogue presentation valare mosham padam moonjaali markkaar akumo,Negative
Loocheeperinte kalem ethi mekkale ellarun meri nikk,Negative
6k dislikes.. Guhan fans Karanju Mezhukal aanallo,Negative
Kurupuutivarunavrde anakil kodtha keechan trailer ikkaaa Uff ingal eeejathi mass  FDFs urappachuu singasa Thalivaa....MaduraRaja #RajaEffect #RIP YouTube Thukkiaydii,Negative
Mammooty fansavm dislike adiche Poi madhurajak adikadaa Etu vere levela mone dineshaa,Negative
Patti vananagal okke dislike adichu thudangi ...,Negative
Dislike  Adicha Mammookka Fans  Njagade #ettante varav KaneKulirke Kandota...........................,Negative
Sreekumara menone naari nee ithonnu kaanu,Negative
Ithenthu killichundan mambazhama.... ithokke namude raju ettanu koduthal pollichadukiyene..,Negative
Padam poliyum ennu urappayi. Rajadhi Raja enna thara padam pole.,Negative
teaser erakune munbe 1.4 dislike..  enthina enn manasilayaila...,Negative
odiyan thulapichu myran V A Sree kumar kopan poda,Negative
Eanth oola trailer korch kanji eadukkattee,Negative
Laletta nalla cinemaye language loode illathakkalle njangalkku sada language mathi,Negative
real fansinu kuru potti tudangi 1.4k dislikes,Negative
Endhokke aayirunnu malapuram kathi.kozhikode aluva,Negative
Report adikkunna lallunnikalle pokkooo vella panni eduth jeebikkedaaa,Negative
Athu ___ Makkladaa ee jathi iteamsoka dislike cheyyunaaa.... Raju vs Lalu...,Negative
Erangana mumb 285 dislike ejjayi mayrol,Negative
Padam verum oru below average Lucifer like oombiya Padam aakum enn orappullavr c'man!!!!,Negative
Dislike adichavarkk enthe naduviral namskaram,Negative
2.7 k dislikes irangunnadinu munne thanne vannalloooo,Negative
Pirates of the Caribbean .. Peru maati ettal aalkar chilappol like adikkum..  Aale pattikkan eniyum engane nalla nalla teasers pratheekshikkunnu.,Negative
vere vella panikk poda..nayinte mone....thantha kelava...lalettante myr nakkan polum anne kond pattillada pooraaaa...,Negative
Dislike cheyyan kore ennam irangiyittund...,Negative
Ee haters vann dislike adichalum 240k like und makkale..,Negative
Engane unlike cheyyan thonnanu....ee kanikkunath Kerala police nte motham avasta aanu .....,Negative
Dislike adicheverk oke ente vaka Nadu virel  pranamem,Negative
Ee padathien ethra Kali aaiiyalum mammuni enn parayunna nadante oru padathinum ithinte collection record thakarkan pattitila...nthin pakuthi polum ilaaa,Negative
Idoru unddaaa padam thanne avum,Negative
Chettatharam kanich... App upayogich dislike adichavarod,Negative
I am bangali double kundi mohannlal,Negative
Dislike adikkan thanthaku munp undayavanmar vannallo,Negative
Njan idehathinte padam kaannilla,Negative
ethinu okkae dislikes adicha Prajanda kunju ghalae nighalkku uluppundo.,Negative
Ethenna pottan kaliyo idhano big budget cenimede dialoge,Negative
Poli trailer Dislike motham mohanlal fans ayirikkum,Negative
Ithano trailer oru dialogue polum illa ekkaude. Ullath kurach perum oru vettum,Negative
release polum akata 1.9k dislike adum kanata pokaruth ..  aa valya manass,Negative
Puli ooodu kandam vazhi ooodan paray ipozhe,Negative
Ithinokke dislike adichavanmare okk adichu kollanamm ettan uyirr,Negative
Potta padam 2million views polum illatha ee oola padam potti paaleesavum.  Antony perumbaavoor kuthuvaala Edukentiverum. {not an ikka fan},Negative
Daivam oroon kond varum... Ennit pottipoliyum... Verute collection kittan vendiii advertisement,Negative
Anthamaaya thaara aaradana aaswadana nilavara thakarchayude soochanayanu. Cinemaye swathanthravum kalaaparavumayi veekshikunna oru yuva janathayeyanu malayala cinemak aavashyam,Negative
Padma innaanu kande,Negative
6.4k dislike ... Ijjathii rodhanam annaloo ....,Negative
Dae Ajithaaa copy adikathada Mohan Lal,Negative
Gilla plus loham plus ramaleelaa...naariya kopi adiii,Negative
Official trailer release aakunnathinu mumbe dislike adikkan kure mammunni fans oolakal..,Negative
ippo mansilai e padam 8 nilayil pottum,Negative
29K Dislike adichavar Padam kandu kaanum lo... Oro Dhurendhangal...,Negative
Alinje polinja trailer.. odiyan aakumo ??,Negative
Dialogue pora msmmookka paranjaal onnoode ushaaraayene,Negative
6.3 dislike veru verupp athanne karanam,Negative
Haters pani thodangind makkale.....sahikunnilla avrkithe kanditte..,Negative
Yedaa Mamooty poora,Negative
Madhuraraja teasor kandu nalla katta bore ayittu undu. Mammukka ethavana yum Vishnu Unnikrishnan tae boxoffice records vettikkum ennu thonunilla.,Negative
Unlike adicha mammunni fansinu irikkatte oru kuthirapavan,Negative
Family entertainer? Family kk kanan pattatha movie full inner meaning,Negative
Madhurarajakku madhuram theereyundakilla bhayankara kaypayirikkum njan panthayam vekkam,Negative
Oh iyalude Ela padavum iyalu jailil kidana anubavavumayi copy Anu Nala pila anu enu kqnikan akum.,Negative
Trailer ethanennu mumbu thanne kore peru dislike adichatind Ivanmaaroke aanu e naadinu shapam champu naarikalu,Negative
Iyaalkkokke cinema nirthi DQ nte makkale nokki veettil irunnoode..?,Negative
6.1k mamunni fans ithe kandu ennu aa dislike button kandapol manasilayi,Negative
dayav cheyth pretham 3 irakkaruth plzzz athrank unda padamaayirnn pretham 2,Negative
To be very frank,Negative
Dislike adikan mtram Kure per nokiyiriunna polund,Negative
Oru pandi padathinte trailer innu irangiyitundu...kandavar onnu parayane..avide ellaam thribilaa,Negative
Dislike adichavar ettavum valiya oolakal...... bldy idiots...,Negative
Eth vetavalliyanmara dislike adiche..,Negative
Kanunnathinu munpe dislukke like adichaa ellaa malavangalkkum ente naduviral namaskaram,Negative
Ithu enthanu kilichundan mambazhamb 2 parto..hihi comedy padamanennu thonunnu,Negative
ith oru oola padam aayirikum enn manass parayunu,Negative
Eathu nayinte makkal avao dislike adiche,Negative
Dislike um kurayunnu..23k ninnu 13k aayi...appo ee chettatharam kanichathu aaru ennu parayendelloo,Negative
Music chila sthalangalil alambayi ....dialogue perfection kittunnilla,Negative
Dislike full odiyan kanji fans,Negative
Class trailer,Negative
Hacking likes um Views um koottan nokiyitt moonjipoya mammootti fans evdede.. Oru Maryadhayoke Vendedey,Negative
Laalinu pakaram vere oru nadan akamayirunnu lal ithepole orupadu   cheyithittundu,Negative
Surajettante voice oru podik koodi aged avannu,Negative
Rashtriyam,Negative
Kanji fans dis like adichu thakarkkunnudu,Negative
Trailer kandathode padathinu oru theerumaanayi chali padam,Negative
Tovino machane fight scene poratto... eniyum valaraan undu,Negative
Lucifer ini kandam vayi odedi varum,Negative
Thalli thalli kure ayallo oru padamenkilum vijayippichu kanikku kidannu thalli marikkathe,Negative
Dileepettan muthanu ningal lalettan fansanenkil nallathu paranjo kazhapamilla athinu dileepettan undakandataaa,Negative
Trailer idunnathin munb thanne dislike adicha mahaan maark ente oru naduviral namaskaaram,Negative
Ee role mammookkak aahnnu cherunathu anu arinja...lalettan fans right now kurupottikal....,Negative
Waste trailer,Negative
dislike adikkunna ella myrenmaarrum poyi oomb,Negative
Ethe enthu vaa dae ethe? athinu kai addikaan kore fans oolagalum.,Negative
Thandhayilaathavarum palathandhaku piranavanmaarum aayaa lalettan fanss fislike adikaann kore preyaasapedunundd abarariyunilaa malayala cinemayude shaapam aann lalettan fans en,Negative
Oru ghum illaa,Negative
Laluni fanskar thudangi dislike adikkan avarkku ente vaka,Negative
3. 5 k dislike nalla kuru pottal anallo chorichil maraan wyt cheyee december 14 vere ellavarudeyum chorichill maati theraaam,Negative
Manju varrier mathrame ulluvo actresss ayi kollilla,Negative
Enthuaadeee uploaded cheyunnathinu mump 6k dislike  ivanmarkku okke entha presnam,Negative
Mammunniyude unda pottum ennulavar like adi,Negative
Video kandutheran samayam aayilla athinu munne malaranmar dislike adikan thudangi,Negative
Dialougue okke LKG piller parayunna poleyund,Negative
Trailler pora padam 8 nela pottum ane tonunee,Negative
Un like Adaichavarkk Nadu viral namaskkaram,Negative
Kashtam 27k pottanmaaru ee keralathil indello daivame... Dislike kandille.,Negative
Ennalum ithrem kashttappettu dislike adikkunnadhu enthinanavo,Negative
1:10 ee scene onnum cinemayil illa.... Pattich,Negative
Odiyante triler leak cheyyum ennu parayunnavarod.....ayyappante photo veettil undenkilum swamiye kanan ellavarum malaykku thanne pokum,Negative
Manju warrier enthu koppe undakan irikuva,Negative
Dislike adukunna pooo maklkekk anta veral gift,Negative
Mammuni thendikal ethra dislikes adichalum Raja 8 nilayil pottum,Negative
Koothara mass padam.. oru simbha touch,Negative
Haters vayi panjoo raja stronga double strongalle triple strong,Negative
Ith kerala kkaraye ilakki marikkan irangunna padam...Ini theatre poorapparamb aavunnath kanich tharam..nee kandathonnumalla kettoda..,Negative
Bgm poaRaaa.... Goapi aanel maanthittaanelum Bgm GoosebumpS aakkum,Negative
Mohanlal=manju Manju=mohanlal  #manju kanji kodukendi verumo??  Lalletta aduttha filmilengilum nadiye mattane plzzz.. Illengil kanji orappa!,Negative
Asooyamootha laalunnikal kuthiyirunnu dislike adikkunnu .poy chaavinadaa,Negative
Luciferinte athrayum eatthilla ninte vatturaja pinna sunny chechie ullathu kondu kaanaaaam,Negative
daivame chadichooo copy sundaran analloooo  ini enthellaam kaananam,Negative
Dislike adicha makkale okke onn kaanendi varum,Negative
V A sree kumar is indian film joker in malayalam industry fool poda sree kumari myre poyi chavada vatta,Negative
Trailer releasin munpe vann dislike adich pokunna kure vaanangal...  antha bayam irkattum...,Negative
Nala movie aayirunu..ottum flexible alaatha lalettann edhin onum patilaa..meesha pirii role thanaal ok,Negative
2.k dislikes. Nthonadey nallathine nallath enn parayanam. Kayakulam kochuniye kall Kollam,Negative
vishuvinu     padakkam kittathe  iriikayirunnu... ikkayudepadakkam vannappo santhoshaaayi,Negative
Dislike adikunavanmaruda oru thandakku vili varavu vechakke,Negative
eda rithwik nine njan theriparjilaloo ennitt ninte samkkaram kanichuvale f fff .valarthu dhosham nint ppp,Negative
Ithinidakk 2 pearum dislike paniyum kashttam,Negative
Ethokke aranavo unlike adikkuneeee.. .Aaaa Freak pennu song like adichavar analley,Negative
Dislike adikkunna aalukal nthayalum nalla thanthakk pirannavaralla...angane ulla shikandikalkk ente naduviral pranamam,Negative
Lalettande Innathe level kande asooyade kuru pottiyavammarde 5.1K dislike,Negative
Dislike cheyunavare odiyan urumbu kadikunathu ayrikum .,Negative
Mammottykku  mathram oru Nalla padavum illa,Negative
Ethinu unlike adicha haters movie release akumbooo kandam vazi odan rediyayikkkooooooo....ettan fan....,Negative
ingerum verum myran aan padukilavan mammooty myran,Negative
ithenthonna ithra valiya traileronnuallallo....oru saada chalikal neracha ippo adhikavum kand varunna type trailer,Negative
Unlike itta ororutharkum Ulla adiyakatte ivde idunna like nu,Negative
Ithrayadhikam dislikes...... really ashaming... vallathoru manass,Negative
Dislike adicha Ella achanillathavarkkum nadu viral pranamam,Negative
Trailer crisp akaamayirunnu..too much aayi poyi..,Negative
27k dis like athinu mathram enthu kuravanu ningal ea teasaril kandathu,Negative
Itinum dislike adikkan aalundallo...nallatine angeegarikkan padikk... duranthangal...,Negative
Salimkumar comedy verupikkum enna kariyathil urappayyi,Negative
As 15k dislike itavarod aranenokke mansilayi oru choddyam       Nanam undo,Negative
Ithinu dis like adichavarude manasika nila thettiyirikkuva.. Trailer kidilan Oru rekshayum illa,Negative
Endokke ayerunnu.... Lag padam... Monee shree,Negative
Dislike adicha mahanmare cinema erangumbo kananam,Negative
...trailer upload avunathinu munbe thane 3k+ dislike ayiii....Ntha cheyale rodhanam,Negative
Twist enthaanenn trailer kandappol thanne manassilaayi,Negative
Dis like adikkan kure myranmar vannolum,Negative
Ithu kaanumbo aanau triple strong okke edthu kinattil idaan thonnane.....Lucifer,Negative
Title il Suraj ettante peru vekkaathath moshaayipoyi..,Negative
26K malaghamar dislike adichirikkunnu....Sahikkanjittanu vere onnumalla.....kashtam....dhaivathinte sontham nadu,Negative
Ikkas padakkam number 04 of 2018 loading,Negative
Mohan Lal ayirunnenkil super ayene ..ithu chapli ayi poyi...,Negative
Mohanlal fans nte oru gadikedu Ithokke theater el poyi kaanaade,Negative
Social media vazhi paranju perippichu raju. .,Negative
Dislike adichavan maarude nenjathu irikkatte ente like THENDIKAL,Negative
irangunne munne dislike adikkunna thanthakku munne undaaya makkalku midile Finger,Negative
oola mammootty ku pattilla ithu cheyyan,Negative
Muttamariyans Mammunni Myra raja team omkv,Negative
Oooo Odiyan,Negative
Nalla oombiya trailer.. Mammootty kilavane kayaril ketti pokkunnathu kanan ente patti pokum...,Negative
Thalkalam dq um rajum nivinum okay padanjarottu thirinjirinno,Negative
Koora padam urappa kandal aryam.. Hello,Negative
Voice kollillaaaa..... Charithra cinemal ingalk pattilaaaa... .....,Negative
Copy full pulimurugan kanuna pole unde,Negative
Trailerinu munb 7k dislike adichavanmarku ulupundoda,Negative
Aanoruthan thokkum pidich irangiya neerali alla Avante appan vare padikkum...alla pinne..ikka fans hit like,Negative
Video edathe dislike adikkan nanam illeaaaa ninkokkeee,Negative
Ini ore vijayiyum keralathil vanne negalikkan padilla,Negative
Dislike pooranmar neeti oru oombu vecho,Negative
Ith dislike cheytha 12k aalkar aaranenu parayandallo,Negative
enii orikalum nii oru film um direct cheyalle poda V ASree kumari,Negative
pls 1nu movie kanu chirikkathaver chirikkum  pattuna pani nokkuva ea70 vazhzsil pls prayathe bhamanikkunu,Negative
Sho.... Naatil vechu padam kaanan pattilla ennu orkumbol....,Negative
NALLA KIDUKACHI TRAILER  Haters dislike adikan odi vannallo,Negative
Unlike adichengilum mammookaye tholpikkumenn paranj kond pramukha  fans,Negative
Pwolimpadam,Negative
Illa kaaryam mugath nokki parayum... nammakaarum bakshanam kond vannu  eetil ethikanonnula... praayamaaya veetil irikanam allathe pattatha valli thoogaruth..,Negative
Mammukka verum vishayam engneru eth enthonn chyuvanentho prayam koodum thorum glamour koodunundallo daivame,Negative
ikkante eazhrikath varilla ikkante varunnu kunjali marakkar  WAITING IKKA POLIKKUM,Negative
enthu oola trailer aanu ithu. poor dialogue delivery,Negative
Thelunku nadan ..bhaala krishnayeyum... Thal nadan vijaya kaandhineyum ..naanipichu...mammuunny...,Negative
Swondham appane kandal adikunnavanmara ithinoke dislike adikunne. Adichondu avide irikathe ullu. Ivide ettanm pillerum stronga dbl strong,Negative
E polippan trailerinokke dislike adichathu ethu keedangallannavo... kuru pottal ippazhe thundangi....,Negative
Coppy ful Best actor polinhju kuthupala Edukkum,Negative
Unda enna perittappo parihasicha priyadarshanu kod urundaa,Negative
oru charithra cinimakku venda 3 kariyangal illa,Negative
Pooram kaanathe dislike adichavarkk  #naduviral pranaamam,Negative
Aarada dislike adikkane ethil entha kuzhappam,Negative
Ith polikkum kanditt oru atom bombin vakayundd,Negative
Fanism baadhicha Kore malaranmaar dislike adikkunnu...,Negative
Ithu korre pullimurugan koppi adichathanalo swalpam ullupu undo  Ennalum njn Kannan pokkum Karanam ente RS 100 kedakkate padathinu,Negative
Ee cbse mammunji pellare etra muttiyalum goven ment schollela pellaruda adute atella,Negative
Dislike chydha appa illaathavanmmaar bloody fools,Negative
Live nalathupoleee umbichuuu koray net kalanjuuui,Negative
Comedy cheyan Oru prethaka kazhivu vennam athu surajinu ilaaa. Full chali aytaanu thonnanee,Negative
Kollam. Short film polend. Vere vallo panikkm po man,Negative
Madhuramilatha raja ettadi mari ith item vereya LUCIFER,Negative
Aaaro paranj cheyyipikunnadh pole  rajuvettanokke riyalistikayit polichadukiya police veshangal kanumbol edh,Negative
Ee padam  mammootyiku  kodukanam  ithilum adipoli ayirikkum    Pakshe  ivide mandatharam sambavichu  kashttamayipoyi,Negative
Trailer varunnathin munne chila fansukaar dislike adikkunnund. Viewsum koodilla dislikum aakum.,Negative
enthinaannu allukal dislike adichu koottunnathu ennu enikku manassilaavunnillaa,Negative
Ettante nayikayaitt a peratta hani roseineyallathe vere areyum kittiyille nayanthara mathiyayirunnu nayikayai,Negative
Trailor kandappil padam pottumennu urappayi,Negative
Eppozhum abhinayikkan mohanlalum mamootyumea ullu new generation arummilla,Negative
teaser vanapo nala pratheksha ayirunu trailer athu kalanju,Negative
Kanditt madhura raja trailer il ninnum oru story illatha moviyaanenna feel kitty,Negative
evannkk onnum vere pani ille poyy pani nokk ikka,Negative
14k dislike adicha oolakalk naduviral namaskaram,Negative
Ith dislike adicha polayadii makkalkk kunna namaskkaram,Negative
Ithinum dislike adikkunnavar enth kanditta enne ariyilla..,Negative
Earangunnathinu munb dislike adich moonjikkaan koreu ennam earangiyittund,Negative
Ayyo 11 vare wte  cheyyanamalloo,Negative
Fanbasil maathram movei kaanunnoraavum dislike cheythu negative aakkunne avarkkente naduviral pranamam,Negative
ONKV ood neeraliii kandam vazhiii Ikka marana mass,Negative
Ithokke dislike adikkunavare kale vari adikkanam,Negative
Dislike adikuna olikal ellam odd kadam vazhi,Negative
Enthanavo manju warier kanumbol oru deshyam,Negative
22K dislike vannenkil urapicho arkokkeyo kuru pottiyitund...  padam sure hit...,Negative
Padam flop aavm Enna Kaaryathil oru doubtum illa....,Negative
Lalettante adutha pottapadam...Laletta ithokke mathiyakkan aayinnu ...Please,Negative
Nty amoooo kunjalimarakaar 9 alla  oru pulikutti ayirunu Lal sir nigal samsarikubool Chiri varunu,Negative
17k dislike..mamunnifans kurupotty  ..  Rajuvettan oru prasthanam aanu...,Negative
Oru kaaryam manasilaayee..paandi rajayum 30 crore nedillaa,Negative
Dislike adikkan vendi mathram vannirikunnavanmar orupad undalloo sahikanindavula kazhuverikalk,Negative
Maryathakku oru trailer polym irakaan arillaaayy,Negative
Pottum  bengaali look  IDGAF mon,Negative
Ayye luciferinte aduth polum etheella.Luciferine pottikanonnum ponnilla.Lucifer trailer kandappam mone oruuuu romnjam aayirunnu.Ithenthooonu ayyyye....,Negative
Prayathinde peril ikkaye kaliyakunna ellaa naayinde makkalum nokkada 68 aam vayasil ninde oke thantha vcharichal pattoda ijjathi mass,Negative
Oh endhuvaadai idhokke aarkengilum dislike adikkan thono,Negative
Not impressed  yenne kollale please manasilolladhu paranjanne olllu Suraj.jpg,Negative
enghall oro movieyilum oro makeoverumm realistic aayiii mass kaanikunadhumm kaanumbazhaann lalettane oke eduthh kinattill edaann thonunadhhh..by a lalettan fann,Negative
Laleta pattunna kadhapathram cheeyy ningalk charithra cinema sheriyaakoola Aa samayam 2 adipoli cinema cheyyan nok borayitund dialog,Negative
support cheyyan paadilla..,Negative
Mammunikal kuthiyirunn Dislike adikunundbloody patti theetams,Negative
Eee trailerinu dislike adikaaanum oru range okke venam  kashttam  Luv u ikka,Negative
Padam parama Koothara,Negative
ayyeeee.....ithenthu samsaram....slangue pattilla lelettanu ...... sadharana malayalam mathi aayirunnu....ithu nalla bore aayitund,Negative
Mattoru china town aavathirunnal mathiyayrunnu.. nalla ooola trailer,Negative
Lucifer njngal randum kayyum neeti sweekarichu.. Marichu..   Matham parayunna sangikal keri dislike adukkuvaaa... Oru myrum nadakkulla.....,Negative
Dialog  bora ettan .saatha dilogu matre pattu .dileep .mammoka  dilogu suppera,Negative
Pala padathilum kanda scenugal kooti kuzhucha padam athine kidu mass ennoke parayaan kure andam kammi fansugalum,Negative
thalaivaaaa.......  sollarathu Mattumdha...saiva..... ethrayum nall evidarunu....    chillarkku kuru potti thudagi ....,Negative
Poi chav Madura raja illalpo oruthnm thalla pokkula,Negative
Gangumayi varunnavan gangster Avan sunnyneym koottiyah verunnath 'pornstar',Negative
Trailer kandale ariyam lalapande adutha padakam....,Negative
Enganey thonnunnadey. I. Trailer Inu dislike adikkan,Negative
Laalappaa ikkayod muttaan nikkandaa.RAAJAyum pillerum strongaa TRIPPLE STRONG.Laalappan koottiyaal koodoolaa.,Negative
Dislike adiche  jimitttan fans n,Negative
oronnu padam pidikan irangum..paisa poyathinte  deshyam kondanu ivide trailer thappipidichu comment cheyyunnnathu..arum kanallu .. thank me later,Negative
Olaaaa   oooola  oooole,Negative
Dis like addichavark ende vaka naduviral namaskaram,Negative
aa dislike  mikkathum  mohan lal fans aayirikkum,Negative
Trailer release aakunnathinu munnae 1.3k dislike ooo,Negative
Looks totally hopeless....Oru Kannan thamarakulam level padam aakumnnu thonninu...,Negative
Entharanjittadoo okke unilke cheyyanee.......naanamketta paripaadi....kashtapettu cinima edutha ....athulim koreee ennam und ....vivaadhavum kond irangikolum,Negative
Aare parayipikkaan aanaavo unlike cheyunne for the unlikes inte vaayeku adi makkale like.....,Negative
Inganeyumundo pottanmaar... Pramukhanmaar... FAN made aanu hey.... Ha ha,Negative
Dislike adicha ella mammuni pooranmarkum naduviral  namaskaaaram poy rodich theerkada pooooooranmareee,Negative
Trailor vannapol unlike adikunna kure pooranmar  poi chathoode kunnakale,Negative
eee mammunnikk 10 million onnum ethikkaanulla traniyilla,Negative
Dislike adicha thayolikal etha vaaaa...ithu polorennam kandittu dislike adikkan thonniyallo,Negative
aaraadaa dis like adichathe hae .da da da,Negative
Dislike adikkunnavar trailer kaanathe dislike adikkan mathram vannavar..,Negative
Dislike adikan vendi mathram trailer kanunna kure vanangalu,Negative
Kuru pottikkan aarum varanda...ith vere level aan makkale,Negative
feels more like a tamil telugu masalappadam.. pokkiriraja comedy aayirunnu highlight.. ithil athum illennu thonunnu... trailer nirashapeduthi...,Negative
Myr guhan nnthuva  ee kattunnath,Negative
Ikka haters onn ood kandam vazhy....,Negative
Dislike adicha mamookante  fanse odu myrukale,Negative
Yethanu trailer trendigil varaathath vaishaketta nigal kaanunille,Negative
Dislike adichu de grade cheyyamennathu mohamalla setanmare..vyamoham,Negative
Trailer iragunnathinu mumba dislike adikkunnavarkk Naduviral namskkaram,Negative
ithil dislike adichavarkkellam ente naduviral namaskkaram,Negative
Unda  alla Unda Pori...unda boxofficil pattakam pole pottanja mathi,Negative
Ethine dislike adicha nainte makkal eatgaaa,Negative
lalettan sound ......................:) :) koothara style tone..,Negative
Mammunniyepole oliporallithu Eathu yudham vannalum munpilundavum laettan ....dialogue delivery pirannu...ee parayunna neeyokke pedukkum padam irangiyal,Negative
Enthaayalum haters nu rosham theerkkan oru dislike button indayath nannayi..keedangal,Negative
Pazassiraja  ennu parannu  chilakunnavar  orkuka athu flop nnu,Negative
Odiyan pottum .. Nayika maju anu.. Laletta vere aram kittiyille,Negative
Lal fans kurachu kashttapedu unlike adichuuu,Negative
16 nilayil pottum.. serial pole undu trailer.. valla kizhangum parilkkaan poda kovala ...,Negative
LALETTAN  UYIR  BAKKI ELLAM VERUM  MAYIR    LALETTAN,Negative
Ingere guhanennokke vilikkunnavarodu onne parayaanullo ingerude ee agil ningal onnukil bedil kaalaneyum kaathu allenkil photo aayi chuvaril,Negative
16k dislike adicha ma.. Mahaanmaarude shirasu pilarnnu andharikane.. Bagavaane,Negative
Mammootty nalla cinemakal vittu pinnem mass floppukalilekku pokanallo! Mayiru....,Negative
Ithokke kandit engane dislike adikan thonnunadeeyy,Negative
ijjathi moonjiya makeup ikka... shokam aaki kalanju,Negative
Mammooty fans,Negative
Veendum slow motion kanichu alukale vadiyakkan ethittundu,Negative
Hahaha...Siricchu satthu....Sugar koodi Poyi mone... Pakka Flop....,Negative
nirthathan samayamaii mammmokkka  prayam kurey ayyi,Negative
Sathyam paranja alamb trailer ayind......,Negative
ente ponno trailer kanditt padam oru 5 manikoor ulla poole,Negative
Sudappikal kuttathode vannu thalli thalli thurimezhugunundallloooo,Negative
Onte oru ikkayum kunjikayum muttamurianss of the country,Negative
Degrade cheyyunna narikale ningalku asuya Undo ulladukondavum dislike Pedichoo kurippeleee,Negative
Dislike adikkan vanna aattan paansinu naduviral,Negative
Njaan mammoka faan aayi... laletta aaa pazhashirajayum chathiyan chanduvum oke onnu poyi kaanu...,Negative
Dislike count kootan budhimuttuna chila aalukal,Negative
Ithu award padam aano full slow aanallo,Negative
Sheenam trailer.ee keleavan ed nirthaana aayille,Negative
DISLIKE ADICHAVARK  IRIKKATTEE  ORU  KUTHIRA PAVAN......*ejjathi ooolatharam,Negative
Thrissur baasha athra pora ennu trailer Kanda ppl enikku thonni ningalko?,Negative
Mohanlal n ee veruppikal  nirtikuude... Enth kaaanichalum   stuthi  paadan kure koonathile  pans.....,Negative
Ithinte munpil raja veezum. Release date maattikko raja,Negative
Mass pora..lag anu alo... trailer um padavum...be careful,Negative
Guest role aanu ..athinu eni valiya thallu venda....,Negative
Gopisunder pulimurukan eduthappozulla music padangal onnum marnnittia...engu rajayil eathinilkumbazum..elllam oruikalkudui avatharippikunnondu,Negative
Thallu vidunna moopanu pakaram appan  Daddy girija  Peter hein fight ( parannadi) Pulikk pakaram patti  Pinne mainayum same costume (Anushree)  .,Negative
Raju ettan kurve  nallonm thonnunde,Negative
Oru njettalum illa romanjavum illa ayye,Negative
Nairmare vendannu paranja Kallamark kanich koduk ...Nairmarude karuth...lalettan and prithivi...tholpikkanam ee electinu....,Negative
Dislike adikkunnna 12 k kundanmare poyi ooombikkolu adhey nadkkuuu nanamkettttav hijadagal,Negative
Lucifer kanduu..... Thatikootuu padam....no story aake ulath kore vedivepum bombidilum..... Kashtmm thane.....,Negative
aaa dislike adicha poorimakkalude ammakku mohanlal anu adichu kodukkunnadu tonnunnu,Negative
Trailer pora..Oru pathu kollam mumbulla tamil cinemade trailer polund,Negative
Ipo allarkkum manasilayille lalunni charitra padam cheytal ingane undakum enn this is odiyan 2,Negative
Pooran mamooty,Negative
Adutha flop,Negative
Ithupole mooonchiya Oru padam jeevithathil kanditillaaa.....,Negative
Trailer kannunathinu munne dislike adicha mahanmark adaranjalikal....ivrk matram engana pattunoo ijathi kuru pottikal....kashtam...,Negative
Myru Padam. Kaanendaayirunnu. Ookkaanam vannittu vayya.,Negative
copy annan,Negative
Pandi rajaye malarthi adichu athanu lal magic,Negative
Dislike adicha oombanmaarude shraddhakku....  Kittiya collectionum kondu oodikko  Chekuthan ninte ettane eduthittu oookkunnund  Adyam avante kunna vayileduthu ethane rakshikk,Negative
369 dislike myrol ikka uyir haters myr,Negative
Ee dislike adichavarde sredhayk enna kanditta enth mosam kanditta dislike adichathenn koode parayamo?,Negative
Deslike adicha ella punnara makkalkum nanni,Negative
Poli padam njn ella mammooty movies kanarundu itrekku disapointed akkiya oru movie aduthundayittilla,Negative
Aah nalla best marakkar...sound kettal thanne ariyam...ithu adutha neeraliyo odiyano aavanulla laksham aanu...daivame ee pulli ithu enthinulla purapadu aanu...,Negative
Padam ettunila pottum ennu urappullavar like..,Negative
Ayyeeee....dialouge presentation ottum illa....evan enge nayakan ayi? Lalunni....evanano swayam complete actor ennu vilikanee.....myran,Negative
Aayea.... ithu oru unda aavolo.... boar ....,Negative
enth moonjiya padam oombiya kadha parachil avante konathile padam,Negative
theateril elaarkum moonjiya expression aannallo kandu kazhinju,Negative
eth 14k alavalathikal aanu dislike adichath,Negative
Jai marikkunnath kandappol othiri sangadamaayi,Negative
Kutam parayunavaru Maryadaku zha parayan ariyatha team anu,Negative
Pavam sanjeev pillaiku enthengilum credit kodukeda nayinte makkale,Negative
cia   bgm  tch   undalllo  copy  etttaa,Negative
Ethreyum nalla oru creativity ku dislike cheyunnavarodu oru load pucham,Negative
E mass trailer ne vecchanalo madura raja ye compare cheyyunadh...kashtam,Negative
charithram onnum parayanda mammunniyalle Ella malayalikalkkumariyam kuninjoru paniyum cheyyathillennu,Negative
Cinema Kandavar orikkalum cinema hit ennu parayathilla,Negative
Nthu dislikes an... Ninnekondekke dislike cheyyane pattu...,Negative
Filim kaannadhe trailer kandu diss like adikkan kureyannam vannolum kashtam thanne diss like adikkan mathram jeevikkunna guys hii,Negative
ethukandalariyam e padam padakkam pole pottum,Negative
Ente ponno ijjathi Raya kandam vazhi oodi eetahhh,Negative
Ayyeee Lucifer Oru political movie athine copy adichu madura raja Ee cinema director COPY SUNDAR  aano,Negative
adhyam 9 polinju 8 nilayil ini next ithum poliyum 9 nilayil,Negative
Dislike adicha thanthayilla thayolikal aaranaavo ..murugane theerkkum ennu paranju nadannavar aavum,Negative
Dislike adikaan vanna para naarikal pinne enthina ith verthee kaanunnath,Negative
33k kurugal kanunnylllle dislike duranthngal pyaavam lavanmarude pramughanu youtube views illathente sangadam aavum,Negative
Enna koora padama . Mamooty ullond kandirikam . Nalle boradiikkuna padam sthiram kadha,Negative
ithpole oru kidu trailerinu dislike adikkana myrroli mammoonni fansin naduviral namaskaaram(ella mamooty fansinem udheshichalla....chila choriyanmaare udheshich paranjatha),Negative
Ithu oru tamil/Telugu style padamaayi poyaallo dialogue and bgm oru gummillaa,Negative
Dileepine polullavare thangi nadakkunnavarude padam kanathirikkuka.. Preshakarkku pullinte vila polum evar nalkunnilla..,Negative
Vamban hope chaidu vannadellam potti polijatte olle,Negative
Trailer undakiyarithi valare mosham ann. Ith kanumbol enik oru feelum vannilla.,Negative
Ee thadiyanano nammale kunjali marakkar aayi abinayikkunnath ??? Prithviraj or Mammootty cheyyanda role aanu,Negative
Aye kuura trailer oola padam chali mohanlal*************,Negative
Ethonnum mohanlalnu cherilla,Negative
Dislike adicha Lalettan hatersnulla adi avate ningalude likes...  Trailer vere level... Murali Gopi Mass.. Like Prithviraj too..,Negative
Ithinekkal valiya romanjifickation trilor aaaayirunnu villan ...ennitto padam 8L pottii idum anginethanneyaavum ....laletta ingalu maaarikkoluuu pillleru kalikkette,Negative
24 k naarikkal eee cinema dislike ittu avanmaarku thallu kodukkuvan agraham ullavar like addi,Negative
Eeee paheyente sthaneth..Mohanlal annn 70am vayesill Eee padem cheythirinnenkill....edukam..pallikatilekh. Lal ettane..allenkil dehippikam..,Negative
Ullath parayallooo sidhiq ozhich bhaakki elllaaam chali actorors.... Enthaaavumooo enthoooo.... Comment nookiii... fayankaram ennu parayaan eee trailoril onnum illlaa...,Negative
Dislike adicha pannikale Theater il kanada,Negative
Muriyandikal pannikuutatam pole thurimezhukuvansllooscenes are rememmbering pulimurugan,Negative
6.7k dislikes adichaa ooolanmarellam angott maaarininnnu mongikko,Negative
Mammokayude unda varunnu an kaliyakiyavar kedo.....unda verum undayala thokkil vediunda yamanasilaya  mammookaye kaliyakunnavare,Negative
Ouru L繳cifer erangi athe polle thanne enni kore padomm erakuum myrreeee,Negative
ayyoo mohanlal sangiallleeeee... poyi chawada kalla cummi a,Negative
Naaanavum maanavum undoda ooolakale trailer verunathinte munb Thane degrade cheyaaan.,Negative
Apo athum potti .. aaaa pratheekshayum poyi,Negative
Katha manasilay Tv il varambam kanam,Negative
Ufffff..ejaadhiii..lalettann rdjile edjelum oruu svene e jenmam vheyaan patilaa..trailer kandd karayunundaabumm ettan and ettan fanss,Negative
Kavya film company perinu Oru gummilla...,Negative
Ithu dislike adicha pookavadi makkalodu onne parayan ullu,Negative
Dislike adich kali makkale.....  Athre ninneyekkekond pattu....,Negative
Vyshakinte pagill ettal egane ya views thonne kittuka valiya chanalil alle edendathu luciferne pole,Negative
Padam verum oru below average Lucifer like oombiya Padam aakum enn orappullavr c'man!!!!,Negative
Ithrem dislike adichavar malayalikal aagan vazhiyilla,Negative
Angane 70 vayassulla vridhan schoolil ethiyo?,Negative
tovinok  nadakkoola  eee pani   police pani  cherunnilla soundum dressing onnum,Negative
mmale naattil degradarsinu oru kaalathhum kammi undaakilla...athaan nammala naadinte main shaapam,Negative
Kuthiyirunn dislike adikkand,Negative
Kandu padik shree Kumar menone anugal film direct cheyunath,Negative
Ith polathe oombiya trailer njan kandittilla patti okki surajinte appante soubinte pooru,Negative
Padam onnu eragikotteda pahayanmare appalekum chelakkan kuthirikunu ororthanmaru.. Onnu poyinada..,Negative
ethanoo trailer kandapalla enta ammoo bhodam poyi padam moonjiyaa,Negative
Trailer erangan 1 manikoorinu munpae  3k dislike...  Nth tholvikal aano ntho..  kanditu vilayiruthu suhurthukalae.,Negative
Enth potta trailer aanu... Chumma mass ennu paranjittu karyamilla.... Trailer verum waste. Cinema enkilum nannaya mathiyarunnu,Negative
Dislike cheytha ellaa poorimakkalkum naduviral namaskaram,Negative
Ei padamonnu erangikkottay athenu mumbay ningalu thallallay,Negative
Ingalk keralathil ivane allathe areyum kitteele abinayipikan kitteele,Negative
Unlike cheyyunnavark ennte  namaskaaaaaaram,Negative
Dis like adichaa ellavaarode ettanode vedaaa  murugaaa nee theernadaa,Negative
Eee trailer kanditt dislike adichavan mareyokke sammathikkanam..,Negative
Madhurarajakkum oru trailer undu,Negative
Verum olla padam 10 paiseke kollulla,Negative
Average trailer...tiyaan pole akandu iruna mathiyarno....too many dialogues..,Negative
dislike adicha premukhan markku nanni . asooya,Negative
Ee dislike addikunnvarode .....onnum paryaanilla.....naldukandal aghikarikaan padikk,Negative
Iyyalkke rest cheyyanulla time aayilla.. kanda oola padagalilellam abinayiche vila poi paavam..,Negative
Dislike adicha guhanolikalkk...,Negative
Asooya paadilla. Abrahaminte Santhathikale ivde kandillallo?  Thallu aanenkilum ithupolonnu ethikk. Ennit ivde vaa :,Negative
Evante illuminati theernilleyy deivangaleeyy sukumaran saruu kanandaa...thinnu kalayum nine..,Negative
Poraaaa.. Luciferne tholpikkan ulla mass onnum illaaa..,Negative
Yedaaa Mamooty mayirae....'Lucifer' Mass'u ninaku orukilum kittaadhu thendi..,Negative
Dislike tarunavanmarku enthe naduviral  namaskaram,Negative
E negative commentsitta  ella oolakalkum kadutha asooya matram...athinithuvare marunnu kandupidichittilla,Negative
Trailer Releasinu munne 6k dislike itta ella punnara malarukalkum nadu viral namaskaram.... Chettakale,Negative
unlike adicha ella oolakalum ivide thanne kaananam tta,Negative
Kure paavangal pedichu virachukond dislike adichondirikuva ullil bhayam und nallonam.. ettante varavine bhayakunnavarde ennam koodunu..,Negative
Nadaka dialogue pole undallo avasanam filmum nadakamakumo.,Negative
Dislikes adikan vendi mathram koree naarikal... Adiyeda adi... Ninneyokke thookki adikkaa tta,Negative
Dislike adikkan vendi Kure Peru keranindalla,Negative
Dislike adicha sundari sundaranmarude nallathinayi namuk prarthikam,Negative
Sohan seenulal ne kandathode mood poyi,Negative
Ith kandit engana dislike cheyyan thonnane? Sambhavam kidu aait undallo,Negative
24k dis like adichavar ithrayum mandanmaro,Negative
Maduraraja 4hrs 96likes & 9k comments....Lucifer 2hrs 189likes & 12k comments...ettanodum pillerodum muttan varrale...mohanlalwood,Negative
Thugs of hindhustan film aahn marakar enn paranj kanikkunnath,Negative
Sambhasham ..entho oru kuzhappam polae ...padam poliyum ennu enikku thonunnu,Negative
Koothara trailer telugu padam pole und,Negative
Ee chanelil aano ithra valiya oru cinimayude trailer idunnath  Nalla subscribers ulla chanellil ittal porarnno,Negative
Ith raja aaa kallykkan vanna eduth uduth kalayum,Negative
Engane aada uvve 32K dislikes okke vanne? nammude naatil athrem mandanmaar undo,Negative
Sudapikalkku kurupotti aa dislikes kanda . A Hollywood level work,Negative
7.7k dislikes. Athinu vendi enkilum vann trailer kandu views kootiyathil santhosham...,Negative
Chaanakahinalkathu  ulla potimaaankal.. Dislke yethra adichitu  kaaryamilla  yeriyunna Marathil  bhalamundu,Negative
Enthonedai id    padakkamo,Negative
Myru padam Cash poyii.... Eee kunnakk inganathe padam cheyyathe irunna pore....,Negative
Ithilum valiya verupikal padam swapnagalil mathram,Negative
Malayaala sinimayil Mammuttikkaan etharathilulla kadhalaathram nannaayi cherunnath,Negative
Kore thendikal unlike edand stop cheyyuka,Negative
Failure anu nalla mammokka movie kandu varashangal ayi....,Negative
Dislike adicha myrenmark vendi like adi,Negative
Jimittukal karanju chaakum athum tripple strongil,Negative
Enthu kanichalum njangade lalettante pakuthi varumo niyokke,Negative
ethinu okkae dislikes adicha chila prajanda kunju ghalodu enikku etrae parayan ullu odada pullae kandam vazhi. Uluppundo ninakku okkae.,Negative
Myru ennu relese ayit show polum nadathit ila  aalilanjit ikkane arkum vende,Negative
Trailer thanne lag annallo,Negative
Dislike kunnamare olupundel poi kettithugi chavda pannikale,Negative
28k dislike okke pullaadaa pull...,Negative
Varav kandit padam 8 nilayil pottunna thonnane,Negative
Dislike adikkunna kazhuthakalude mukhath adikkunnavar like,Negative
Mara paazhu mega mairananil ninnum ethil koodutal pratheeshikaruthu   1980 kalile rajanikanthinu padikkunnu verum chavaru mairan....,Negative
Poojappura laalunni fans dislike adichu kuru potichitund,Negative
Dislike adichaa ellaa makkalkum oru nadu viral salute ...... It's Lucifer daaa,Negative
4 Millon ayee makkale eattante pazhi paragavar thalayil mundittu trailor kandukanum,Negative
191 k likes 118 aayallo.. ithenthu marimayaam ...lalapikkal ude kali aano,Negative
YouTube logic 66k likes + 6.3k dislikes = 16k views.. myr,Negative
Onne poyeda mugath puttiyum adich oronne iragiyekum mega star,Negative
Sajeev pilla enna sadaranakarane aarum marakaruthu...chaverinte cinema cheyyumbol chaverayi poya oru manushyan.,Negative
Aiyee.. Trailer satyam paranjal Valya rasamonun illa and I'm a lal fan,Negative
Raaja lucifer oru day irangiyirunnel lucifer moonjiyene......,Negative
16 k..  mammooty fans thayolikal dislike pooranmar,Negative
Adicholu etra dislike veenelum kuru pottichittu oru kaariyavum illa,Negative
Trailer eranghunnathinu munne thanne rajaye pedicha lalettane paripikkanayitt kure fans,Negative
EDA naayikale face of indian cinema alla face of malayalam cinema enna parayada koppanmaare,Negative
Mammootty fieldoutaayi ennu rodhikkunna fans ee trailor kandittu vaayil viralitottirikkayaaanu,Negative
Anu sitharayude dialogue oru dheerha vanithayudethanu.. Athu parayendathu sangadapettalla,Negative
Ethakayo pundakal e myre eragiyal Lucifer trailer  kadathum enokke paraniju enitte enthayi obiyille latettane thopikan avilla mammu,Negative
Trailer bore aayi .. eni movie Kandu nokkam,Negative
Onnathinu pottikan padakam Alla nalla assalu bomb thanne,Negative
Eth kandit nere poi pulimurugante trailerum onn kandek 2 ilum enthelum vethyasom undo?,Negative
Edo thallu menone direction padikanonkil rajuvetante aduthu chenna enganeyanennu padipichu tharum ?,Negative
Dislike adikan vanna haters ithe ningak patiya area alla ninteyoke rayaye kandam vazhi oodicha trailer aaan @瞿ucifer#loading,Negative
Unlike adichavarkku naduviral namaskaram.  Support like,Negative
Ithokkey kandittaanu iparthey pillaru schoolilum collegilum adiyum pidiyum vazhakkum ondakunnadhu,Negative
ellum shamikkum sunny chechiye villichu veruthi apamanichu vittathu orikkalum shamikkilla film kandavark manasilavum mosham  dialogs,Negative
Ha.. Ha..  Ha...  Anghane adhum hudaaa huva,Negative
Adhikam show kaanikkanda odiyan oruma undallo alle,Negative
Singana suryaye vellan oru poo monum Ella,Negative
Dislike button adich kalikunaa tmzod pucham matram,Negative
Tharikida sabu pora oru kazhchakilla .,Negative
Dislike adikunna mammunikale,Negative
Oru Anya Basha  tharathekoodi role kodukkamayirunnu,Negative
Jacket..Cooling glass...Car...Slow motion...Pazhaya bomb katha tanne....Hahahaha ..Eyalku madukille ethonnum...,Negative
Lucifer lostfer aavandirunna mathiyayirunnu .kandittu adutha floapinulla sakalathum kaanunnundu,Negative
Eatho Kure eannangal dislike... Anganeyum Kure eannangal,Negative
ejjadhi oola padam immathiri oola padam jeevidhathil kandittilla my rating 0.5/5,Negative
Second vechu dislike ivane okke samathikkanam ..,Negative
Mangatholiii... Mattoru neerali avathirunaal mathi. Swam pongiyudae chandu pottu look kollaam..,Negative
yeah kollam surya tvil verunna serial polea und..,Negative
ithokke comedy pole und ...aa  bahubaliyude manam kalayo ?,Negative
Jimitt fans jimittinte theettam thinnaan nokk myrukale,Negative
Anusitharayude abinayam rassamilla kaanan yella fillmilum kanakkaan (my personal opinion),Negative
Trailer irangan 88 mins koode atinu munbe 2.5k dislike nth malaranmaranu,Negative
Surajettan sound modulation kurach koodi nannakamayirunnu,Negative
ithu ividam kondonnum nilkilla monei.hatersei ningaludei karyama kashtam.poyi valla aduppilengannun poyi irikk.aa choodang maarattei.enna julay 5th.kaanaam allalla kaananam.,Negative
Kodutha pani tirichu annakkil kittunnath kando,Negative
Nalla adipoli trailer Adutha Undayum 18am padiyum Peranpum Yathrayum pole flop urappanu,Negative
Onn madiyaaak mammookka Vayassan aayalle Pudiya pullark avasaram kodukk,Negative
Uluppillathavanmaaru script writer ude peru polum vechilla.,Negative
Ee sound aanu marakkarde enkil marakkare apamanikkan edukkunna padam aayirikkum. Dress codellam apamanikkunna tharathila,Negative
priya dharshante vijaram muslimsinte slag eppolum inganeyanna....endhu dialoga boru aanu dialogue shaili mattuga...,Negative
Irakikko pakshe Stephen achayan ullidatholam kaalam ivide oru rajanum adhikam vazhan ponilla,Negative
ee padathinu reach kuravanu.Trailerum pora.Pottum ennulla karyam guarantee.pinne fans vannu enne choriyan nikkenda.Sathyam ithaanu,Negative
22K   Dislike enthuttta pattiye 瞼 SuPpER teaser,Negative
lalappan fansinte annakkil thooriya trailer 不不不不,Negative
Dhaivam  marikkugayo    endhuvaade,Negative
E trailernu dislike adikkunnavanmaarudae aa manassundalllo....oh.... Namikkaathae vayya,Negative
Guys unlike cheyyunavar Mr.Pandit fans aanue..deshyam pidichit karyamilla..,Negative
Ithu party based cast based movie anengil adi pidi vedi anengil Ee padam poliyum.,Negative
ithil premiere akunnathinu munbe dislike adich kalikana saddistukaleyoke enthaa cheyyaa.loka duranthangal hahaha,Negative
271 dislike ara adichethennu ivide ellarkkumariyaam,Negative
Ithu ikkayude script aanu..   Uttopiya,Negative
Ettan kootiya koodoola adurappa end diloga id chirichu chavum,Negative
Trailer kanda thanne Aliyan Ettunilayil pottumennu,Negative
Jimmittoli vaangale ninte ammede poottil chekuthan keri ookkunnu poy dislike adi,Negative
20k dislike adichavan okke ethu guhayil irikkuvano entho,Negative
Adutha vishunu aduthu vekkam .... Assal padakkam aavum,Negative
TvM massive thirichuvaravanalo,Negative
Dislike adichal Ella Shemalesnoodum 9noodum . 28nu theatre IL baaa pooram Kanam,Negative
Eethe tendikalada....  Dislike adikyan varunne.,Negative
Dislike adikaan orupaad lalappan fan vannittund paavangal hahahahah,Negative
Tamil and Telugu padam pole aayalo... Don't kill malayalam movies reality,Negative
Dislike adichvnmar oombi kuthi irikathe ulluh,Negative
740 kuru potti,Negative
Dislike adicha thaayolikale adikendavark like cheyyanulla comment,Negative
Enna padam ethillum high irakiya villian potti palisayi pinna ithe,Negative
Adutha oru vedimarunnu ready ayitundu...eppo pottikanam ennu paranja mathi....lalunni fans and pottan  fans undo evide?,Negative
Ee Padam odiyan Kandu niraasaeaya fansinte thallal aanennum Lalettante class movikalude ezhu ayalthu varilla ennum karurhunnavar like pls.,Negative
Dislike adicha colani membersin ente namaskaram. Feeling pucham,Negative
Ekka trailer ethanel padham teatre pooraparambakkumallo.evdem kanum disliken marr,Negative
Itha pattacharayam pidikan varunnu.. Avan Madhura raja.. pazheya Gund kadha thanne scene mariyapol inganoke ayi,Negative
Enthylm 300 koli thallum muzhuvn fans.......,Negative
shuger raja fance onnu virachu alle.ithokke endh varan pokunnathanu mone pooram,Negative
Arenkilum poi aa  srreeeekumaarane onnu vilich kaanich kodukkedoo  entha  etha  cinemannu  .....&&&&@@@,Negative
aaa dislike adikkunnavanmar verarumalla complete actorinte sperm,Negative
Aaruvaadee dislike adich ponath ithrakk kazhappoo,Negative
Paringgiyude munbhil thalakumbit nikkaan kunnjaalik patulla....appo aara muttu madakkiywth(rss) thannje...cherupp nakkikal...  Kaanada punnjara makkale...musalmaante chankoottam....,Negative
Yenthina aa manjvine ithilekku valichirakkiyathu aval undayathukondu padam kananulla aa thrill poyi,Negative
Ethil vann dislike adikkunna makalkku epo thane kuru potti thudangiyalo,Negative
Malappurathum kozhikkodumula jhangal eebashakett chirich mann kappi.. marakkarenna deerayodhavinte shabdam inganeyalla. Vendath.... ith mimikrikkar stegil avatharippikunna comedy paripadipoleyanallo.. ha...,Negative
407 dislike haaa oka mumuty fans ayerikyum kastam,Negative
Trailer kand kuru potti olich ippozhe degrading thodangi entha avastha ikka fans ichiri ulupp,Negative
dislike adicha verum 10k   m@.nmar  aarde fans aanenn parayandellooo,Negative
Haters dislike ... Paavo ithrakkum pediyaano oru padavam verunne... Kaishttam haters不,Negative
Dislike adichavanmar enth kandittanavo......ee trailer thanne aano aavo kandath....,Negative
Adipoli...... cinema ini kanenda karyamillla,Negative
Yadhaartha kadha,Negative
Nth prahasanam aan    Enik ee trailer ishta pettilaa,Negative
Aa 1.3K dislike adicha naarikal aaranne ivdareyem PARANJE padippikanda kaaryamillallo le?,Negative
Idi vettu sugunan illatathu valare moshamayi poyi...,Negative
Pokkiriraja verum trailer mathram.... Picture abhi be bakki he Bhai.... Ini rajayyde varavanu.... Orungi irunno....,Negative
Ithu enthaada serial aah? 五五五 pani nirthi podappa 不不不,Negative
Ethu pulimuruganaano  Ha ha ha .....,Negative
njan parayunnu eetavum valiya big flop aayirikkum,Negative
Copy cheythathu moshamayi poi chethatho cheythu korachu nannayi cheyyamayirunnu,Negative
Dis like engane thonni......adikan...... Adichavanmar  ooompikoooo Ikka ... Mass daaaaaaaaaaaaa....... Keralathinte muthue..........,Negative
Padam pottum Ram fans munji.. sudapi teams  kuru pottum,Negative
Visuals serial pidikunna camera polundu. Make up oke ittu ellarum,Negative
29 k Mammunni fans trailor Kandu....!,Negative
Vijay babuvinu pakaram vere actor aayrnnenkil perfect aayene,Negative
Tharikida sabu ah poorimone kondu varendayirunnu,Negative
Jayetta katta fan....pakse ithonum oodathila ..oodilelum nalla cinema ayirnel kuyapolarnu..entho trailer kandite aa feelum varunila...anyway goodkuck,Negative
sanni chechiye konddu vannelengilum mammuckayude eaa padam kanan  ellarum kerumennayirickum malayaliyude oru gethikede,Negative
Enthu kandita dislike adikune Mamooka fans. Mohanlal haters step back Lucifer is comeing,Negative
Ee avinja fansukare kond thottaallo dei padam kollamengil oodum allel pottum,Negative
Enthu oola trailer mammatty lokatholvi. Ithum kondano Lucifer aayittu muttan varunne. Comedy thanne.,Negative
Ee cinemayilum mammootikku pani kurache undaku dilog kure undakum..paniyokke piller edukkendivarum,Negative
Dis like cheida yella lalunni fansu polum trailorinu vendi katta waitingil aanallo,Negative
Padakkam loading. Ingerkku ithu pathivaanalle. Oru hit padam eduthaal pinne moonu naalu chavarukal edukkum. Eg: Drama,Negative
Dislike adichavark trailer ishtapedanjitto 鉥鉥戈 lalettaneyo. 鉥鉥戈晷鉥能晷鉥耜鉥 ninnodokke 鉥芹鉥鉞鉥鉥 鉥桌晷鉥戈鉥啤. Its ettans swag,Negative
Aa myran sohan seenu lal veendum mammookka yude koode koodiyallo padachone...,Negative
23 k  unlike   hehe   idum  kanji  tanne,Negative
Ooo mire. Njn vicharich teaser Poole uumbiyath aayirikkum nn. Id verre level kolakolli itemm..,Negative
Koora Trailer iyalkku ee pani nirthi pokkode,Negative
Muriyandi mammunniyude sudappi fansinaanu kuru vallathe pottunnath..,Negative
Idu ettu nilayil pottum....mommoty vannu thalli marikkum endammo chali,Negative
Ee shareeramulla manushyanevech ee padam cheydh kulamakarudh plees,Negative
Diss like adichavarodanu Ella nayinte makkalkkum naduviral namaskkaram,Negative
1.3 k dislikes. 鉥鉥鉞鉥鉥擒握鉥 鉥鉞鉥啤 before trailer release 不不不不,Negative
Lucifer thannee sheenam maarillaa aduthu kootheraaaaa thaaa,Negative
Ijjathi kuru trailer releaseinu mumbe ikka fans dislike adikan thudangiyo,Negative
ee vaga items okke kandu maduthade....oru maatavumilla.,Negative
Adutha kodaali padam looks like master piece 2.0,Negative
Ithinu apurath oru trailer illa,Negative
Fake liker pidichu ikka oombi,Negative
Durantham poojapura jimittolikal dislike aayi irangeetund..haha,Negative
Mammoonny .... Komali... Loka tholvi. Sammathikkunnavar Like Adikku,Negative
Mohanlalile ishtapetta vekthiyayirunnu njan pakshe superstar sarojkumar enna movie kandathinushesham enikkmanassilayi,Negative
hoo mammokka police vesham aaha anthas,Positive
Oru rekshayum illa...kidilam kannu nananjupoyi,Positive
Ikka     waiting.........,Positive
Raju Ettante Oro Shorttum Ijathi ppwli,Positive
Ettan fansil netti poya aarenkilum undo?    #maduraraja#waiting #,Positive
Last aa chadi adi.... Uff.        Frm an ettan fan,Positive
heavy mass,Positive
Nte ponno oru raksha Illa Ennaaa Trailer,Positive
Mammookka fans like adi. Love u ikka,Positive
Oh mass o mass laletta katta waiting....Bgm,Positive
Ith powlichu vaariyitte pooku....,Positive
June 16 Keralakara ilakki marikkum ikka,Positive
Ikka de carter hit aavm Maamankam ennathil oru samsyavum vndaaa,Positive
vaada a otta vili athu mathi .athu maathram mathi,Positive
#mamangam uff ijjathi trailer oru rakshem illa poli,Positive
Nalla polippan school life kanam katta waiting for you Mammukka,Positive
INI aarum UNDA enna peril kaliyaakkilla.oru adaar trailer,Positive
Eee eid ikka ang edutthu ennu paranjekk,Positive
Ahaa hahaha ha.... Nte ponnikkka mutheeee,Positive
Pwoolich....adhya 3 manikkoor il...30k kku mukalil views....,Positive
Ithin dislike addikunavar lokka tholvikallayirkkum,Positive
FDFS LOCKED  LALETTAN  RAJUETTAN  uff ejathi,Positive
Feel good movie 2019 le best movie aavum ithu urappu,Positive
2million... One day poolumaayillaaaa. Iragittt.. Great lalettaa,Positive
Eante ponnooo romanjam vannu poeonnum parayanilla,Positive
Eth oru onnonnara padam aavum enn urappullavar like adi,Positive
Surajettan kunjunni mash ayi abhinayichal powlikku.m,Positive
Pakka trailer. Rajuvettan Brilliance. Lalettante all time best character aavum.. luv u laletta,Positive
Lucifer kandu. Eny Ethu. Kananam.. Ohhhh.,Positive
Lalettan fans full support und makkaleee......,Positive
Ithu kidukkum,Positive
Padam 1 st day kaanum athu urappu.,Positive
masss effect,Positive
Arudeyum kaneer oppan vannadhalla njn... !! Pakshe karayikunnavarude thala njn adichu pwolikkum full on full power,Positive
Again Again Rajuvettan Theertha Ee vismayam kanaan vanne nokkunavarundoo...,Positive
Costumes Irshad khan Cherukunnuijj Poli mutheeee,Positive
aaa last bhakam marana mass #mammookka,Positive
LALETTAAA MUTHEE POLICHU,Positive
Edhu kondu prethiraj neruthiyal Kollam,Positive
Mammotiyude look divasam kudunthorum kodi varikayannallo,Positive
malayala sinimakkoru puthiya charithram pirakkatte !,Positive
Oru  mikacha thriling movie aavum,Positive
Undakku shesham mammookayude adutha natural movie,Positive
Jayasurya chyuna a ella characters um pwoliya... Shaji pappen,Positive
Mammukka ningal bharikkanam Malayalam Cinema iniyulla kalavum,Positive
Ende ammo aa mundu madakki vechulla aa chavitt !!! . laletta.,Positive
Trailer I'll tannaayy full story uondu,Positive
Oru BIGB  feel....  ..aiivaaaaa.  Pwolichuu,Positive
Pinneyum pinneyum kaaaanunnavar like adi... Lalatten ishtam,Positive
Positive kittiyal pinne parayandallo.... Ettan fan aaya njan thanme kannu thalli poi bookings kandu,Positive
Annum ennum ennum ikka mass,Positive
vere level trailer and bgm gopi sunder musical,Positive
E masathew 28 enna date  nalathekakan pattuvoooo ..... pattillah allew.....wait chaiyanmm  ..,Positive
Jelli kettinte trailer bgm pole ind,Positive
E traileril ntha chekutan undo,Positive
kalakki Kalakki. Onnum parayan illa,Positive
Oru saada nalla naatin purathe kada..athre ullu...aenike ishtta pettu.,Positive
Vere level of making nd lalettan was awesome,Positive
Next Week china povan irikkana njan ithu kandeche njan povathullu,Positive
Ohoo mamooka powlikum ee jati tralier making kiduwee,Positive
Onnum parayanilla. Vere leval movie ayirikkum,Positive
Raju ettaaaa ningal Vera level,Positive
Ithoru onnonnara ITEM avumenn urappullavar LIKE ADI,Positive
Late aayi vannalum latest aayi varuvenne,Positive
Oru marana mass chitramaavatte laleeta lucifer,Positive
adiyum bahalavumillathe swasthamayi kandirikkan pattunna oru nalla cinema,Positive
Mohanlal prithvi fans like adik lucifer bamber hit akum,Positive
Jayasurya mass after long time.podi pooram,Positive
Mammukka ningalau muthhaaa oru rakshayilaaa kikiduuu,Positive
Fight dialoge bgm oru rakshayum illa,Positive
E padathinte making ushar aanenu thonunu..  Trailer kanditt padam kandathokem thallipoli aayirnu.  But trailer pwolichu,Positive
JAI LUCIFER JAI LALETTAN JAI PRITHWI,Positive
Nalla punch ulla trailer mamooka Jai anusree shamna ellarkum bst of luck,Positive
Suraj ettan fans fans like ivide,Positive
Eid usharakkanam ..Ithiri late ayalum nammal polikkum. Mammukka sa,Positive
E padam hit akum enn urapullavar like adikan ulla sthalam,Positive
Ith oru onnonnara item aayrikkum,Positive
Njan mammoty fan Ann pakshe enikk ishtapettu,Positive
Aa thodakathile august cinemas eenu title card varumbol olla bgm Pwoli,Positive
Ettan mass kanikkan thudangiyath innum innaleyumonnumalle makkale,Positive
im a katta lalettan fan....but ithu hit aaakanam..heavy,Positive
Katta vishayam oru rekshem illa etta fdfs,Positive
Oru dubbing padathinte trailer pole.  kidu,Positive
Myarakam ikka  Hollywood direction and visuals,Positive
Ini kando... Adiude Ideude Vedi pooram......,Positive
Aa kannukal mathram mathi a character depth mansilkan laletta.....,Positive
Trailer Oru rakshyum illa adi poli jayettan takarkkum,Positive
Movide peru kandu dislike adikaan vannatha,Positive
Kidu bgm for ikka kidu movie super,Positive
MAMMOOKKAAA....  NIGHAL MUTHAANU....Nighal kola maassalla...  kolaveri maasaanu.....,Positive
Deleep atta padam orappu maga hit,Positive
Ikka i lv uuuuu big screen kandolan waitinggggg,Positive
Vineethangil adu supero super chodikanundo allea vineetheaaa,Positive
Fdfs vare wait cheyyan pattilla Ijjathi ittam Mamookka,Positive
Owf Poli......angane oru paad naal kazhinj oru Nalla cinima kanaan povnu,Positive
Enta ponno ikka kalakum van trailer,Positive
Entammo ikka powli powli ...heavy item,Positive
Ini aarkkum onnum parayaanillallooo Remember the Name: Laleettan,Positive
Inn ni8 full repeat adich kanan ponavar ivide like adicholu,Positive
Adipoliii movie..Suraj nta acting super ayiittodee....anike othiri ishtapatuuu..super movie,Positive
Mudi valarthi lalettan pazhya rajashilpi look thannee 0.51 il... super,Positive
@02:19 Ee scene theatril polikkum .... Lalettta :):>3,Positive
njaghalu katta waiting aanu...nov 21 aavunnillallo ennoru pbm,Positive
Vivek oberoi best villan powli,Positive
Kalathu ezhunnettu ee trailer kanumbol oru unmesham kittunnudu,Positive
Trailer oru rakshayum illa 3 vattam kandu  Not the point aarudeyum fan alla,Positive
Ambooo Roman ezunettu  EPIC loading,Positive
Powlii powlii...last dialogue comedy anenkilu kidlm tyming,Positive
Oru rakshayum illa ikka ingal yendhon manusyanaaa itihasam,Positive
Trailernu katta wait cheythirikkunna ethra aalundu ivide,Positive
oru rakshayum illlla. orappicho muruga ninte mukalilekkk oru asuravithinte idivettu entry kathninnooo 100 crore club  adichaaaaaach,Positive
Orika kanda veendum veendum kanan thonnum..,Positive
EyyaLu Nthu Manushana Oru Rakshayum Ella Kidu,Positive
ikkante mugham illathe thanne super mugham koode kanichenkil enthavum avastha,Positive
Rajuvetta ningal mass annu.  Ammoo enna oru feel.  Laletta,Positive
Uff mwonr kinnam kaachya item,Positive
madhura rajayum  usharavatte ...from a lalettan fan .,Positive
Mamookayude padamaayalum lalettan te padamaanenkilum itoru malayalam padamaanu athorkanam nammaku Ella industrikaleyum vettichu nammade Malayalam industriye unnatangalil ethikanam,Positive
Njan oru a10 fan aanu but ithu kollaam...... nammade ikka poliyaanuu..... all the best......,Positive
Ee padam kand chirich pandaram adangi,Positive
Hvy iteam,Positive
Njan aashupatriyiloottu pookuvaa...ullla roomamellam roomanjichu parinju pooyi..baakki ulllathu pongithanna nikkuva..etttan maatana maaraka maasss*,Positive
Fight vere level teateril paper kure keerendi varum ichayoooo,Positive
Trailer vere level Anu makkaleMammookka uyir...   mamangam_november 21,Positive
Ethilum valiya masSs eni ella  Padam 100 crore loading,Positive
Gopi sunderinte teaser bgm kaliyakkiyavarkkulla marupadi koodi,Positive
Eee oru movie  mohanlal fan aakumennu katta waiting,Positive
69 years old Megastar  Nammude Mammookkaa oreee poli mammookkaa,Positive
Oru mass political- family blockbuster hit aakatteyenn aashamsikkunnu,Positive
Vineeth sreenivasan presents,Positive
Ikkaye kanan vendi mathram fdfs urapichavar like,Positive
Ente ikkkaaaa kola mass YouTube hang aanu makkale,Positive
1 st day kazinju theatre bakki undayal mathiyayirunnu...lalettan,Positive
Lucifer pola nalla oru padam avatte,Positive
Negative aayi onmilla   eattn polikm,Positive
Lastilathe punch kaanan mathram veendum vannavarundel chummathonnu njekkiyechum poike,Positive
Pwlichu........... Ikkka pwlichu,Positive
Ambooo  Ettan kidu acting  Raju Ettan poli making,Positive
onnum parayan Ila...mammokka polichu.... Thakarthuu....,Positive
Suraj ettan soubin ikka enn kelkkumbo thanne oru nalla cinema yude smell adikkunnund.waiting for releasing,Positive
Ejjati item ettan pwolikkum all the best raju etta,Positive
Ohhh my god... endhokke looks aanu...  onnum parayaanillaa... katta waiting lalettaa...,Positive
ooro secondum mmakkayude entrik vendi waiting aayirunnu,Positive
Lalettan faanan but ee trailer kidukki tto,Positive
Adipoli,Positive
Ipo 10 vattam kandu yennittum madhiyavunnilla romanjifikshan ikka,Positive
Padam polikunna thonnunne Soubin oru pradhibasam thanne Ambili kandit oru onnonnara fana ayi njn,Positive
Prathviraaj,Positive
Ithu polulla padam ikkanekkonde abhinayichu kanikkan pattu,Positive
Padam kidilan ane oru rakshayumilla pakshe ithpole padam englishilum umd Robot And Frank enn pere athum pwoliyane,Positive
Super mega hit aaayirikkum  mark,Positive
Aaaa mundum pookal shirtum vere arund ithra look,Positive
Trailer kidukki..film ith pole nannaya mathiyarnnu.,Positive
Enta ponno ithu verae level Iove u ikka,Positive
Korach adhikum award kude  undakendi verum enn toonna suraajettante acting kanumbo,Positive
Wow..Maranamaas Trailer  Gopi Sundar bgm oru rakshemilla ttaa...Hit like if u watch FDFS,Positive
Ith kidukkan aakum...  Eagerly waiting... lub you ikkaa from eattan fan...,Positive
Trailer kand  romanjam  Vanna ettan  fans like adikn,Positive
Onnum parayanilla pratheshakalkkapuram nammakku asvathikkan pattiya trailer  ethra pravisham kandittum mathiyaunnilla,Positive
Kidu trailer.  iniyulla Kali ikkayude pilleru nokkikolam triple strongode,Positive
Enik. Albudham sidiqane aan 1kodi bajat aayalum. 100 kodi bajatayalum sidiq athil. Kanum. Legend.,Positive
Prithviraj. Nighal oru marana mass sambavam,Positive
Katta waiting madura raja mammokka kidu mass,Positive
Ente ponnnuuuuuuu Lalettaaa... baaki oke kili vannit parayam,Positive
Chandhuvineyum pazhashiyekalum mukalil nilkan pokunna oru muthal.. chandrothe ee vellyamamma..,Positive
Cinema vizag kandu... Polichu ... Super duper hit,Positive
Poster kanditt feel good anenn karuthi kanathe vitu,Positive
Mammootty fans polum like adichu pokum adaru trailer,Positive
Havy havy super super kidu kidu,Positive
Trailer oru rashilla kili poyi laletta poli anitta,Positive
Adhikarappeduthunna gadikaarame. Ithu gadikarangal nilakkunna nimisham. Indian cinemayude mugamudhra,Positive
Raja returnssss makkale....ithu marana mass padamaayirikkum,Positive
Oru poli polikum 21n ......pooram kanan chry abhinaya ......ang por,Positive
endhake paranjalu nammal malayalikalude chungukal lalettanu mmmukkayum thanneyanu laletta kkimamukka kki,Positive
Lalettante ittimanikk...njanga ikkayude piller vaka best of luck,Positive
Heavy trailer,Positive
Ente laletta onnum parayanilla ningal mass anu..  ningale pole ningale ullu,Positive
kidu  katta waiting    mamamookkaaaa,Positive
Enter ettaaaaaaaa ohh onnum parayaan ellaaaaa,Positive
trailer powli aayi.cinemayum angane thanne aavum enn pratheekshikkunnu,Positive
Enna bodyaa mamooty iniyum oru 10 ankathinulla balyam undu.,Positive
Njan mathram aano sunny chechiyee kaanan vannath  Sunny chechi uyir,Positive
Ikkaa...  nigalu mass aanu...  pinnem pinnem irunna kanan thonnuvaa....,Positive
Neerali,Positive
Mammookka Nte Look Vere Level,Positive
Muslingalk idayilum Xristhanikalk idayilum Hindukalk idayilum  Ivanu ore oru pereyyllu.....raja,Positive
ikka dlg delivery oru rakshayumilla ... love uuuhhhhh ikkaaaaa,Positive
Nice...ikka mass   . All th bst #lalettan fan,Positive
I am 鉥鉥鉞鉥  waiting for,Positive
Vishukk entha special enn aarelum chodichaal ad madhuraraaja aanenn paranjeer,Positive
Etu lucifere polichu adukum...... Raja return daa.....,Positive
Ikka muthanu ...prayam koodunthorum kooduthal monjan......,Positive
Oru 100cr koody njnga Ing aduthu #EIDMUBARAK,Positive
100 o 200 crore club il keeriyillelum padam super aayal mathi naangalkk Love you Ikka  Love you Laletta,Positive
Malayalathinte swandham lalettanu  all kerala dulquar salman fansinte vijayasamshagal,Positive
Odiyanil poya pratheeksha luciferin thannekkua ....Etta....minnichekkane .,Positive
Ini aaanu kali trailer kalakki above expectations,Positive
Marana maasss feeel trailer. Padathinum ad kittiyal polikum,Positive
Kandittum kandittum madhiyaavunnillallo deyvame.....Ente laletta ningal star alla oru GALAXY aanu,Positive
Njan poye kanan mammookkaye al wahdha MALL njan kandu,Positive
Ee like button oru thavanaye adikkaan pattu allee,Positive
vijaricha Pola allallo kidu analla,Positive
Mass....  kola masssss Tovino polichadukiiiii Tovino uyirr annuu.....,Positive
Annyaayam... *ROMANJAM*    ikkaaaaaaaa.........,Positive
Sunny chechinte song kelkkan waiting,Positive
John Abraham Palakkal ....Marana Mass Mammookka,Positive
Adichu makkale... 10M.. Epozhm trailer kanunnavar undo??,Positive
Oru aradhakan avanayi oru katha menanju.... Aradhakan stronganekill avan double strong anu..... #prithvi#lalettan,Positive
All best mammokka  Team mamangam  Mammokka fans like,Positive
Wowww.. Amazing.. Katta waiting.. Ikka and unni.. Super..,Positive
Mammokka ponnikka happy birthday  love you,Positive
Lalettan annum innum ennum mollywood raja,Positive
ingeru karanam abhimanikkam oroo malayalikkum,Positive
Oru rekshayum illa makkale poliiiii action scenes,Positive
Trailer kanditt padam hit aanenn thonnunnu,Positive
Nta daivamme ....Ponnu laletta  ningal muthannu,Positive
Vere level love you laletta...,Positive
Mollywood stylish aavanmenkil namude ikka tanne varanam      mega star,Positive
simha thailvaaaaaaaa ie pravasham double strongalla  triple strong  raja solunathdanda seyuve  seyunate mathram soluve mammmoookkaa polikkum,Positive
Ndh kadippada 13k dislike adichavark.. Nallath kanda nallathenne parayanm.... Atra chorinnindanki valla mullu murikinm ker myrole,Positive
Charithra cinema cheyyan annum innum mammukkaye vellan oruthanum illa. Kidiloski trailer.,Positive
ithu pwolikkum... sudaani from nigeria movie eavdokyo manasil oodi vannu...!!!,Positive
Trailer yethra pravashyam kandenn yenikkane ariyilla,Positive
Enna lookanu ikka...... U r the best,Positive
Ikka ki jai powli trailer onum parayan ella super masss,Positive
Oru raksha yil Laleetan polichuuu rajuettan nega vare level annuuuu,Positive
Happy New Year LalettaCinema kanduketto..Love u,Positive
box office nte kaaryathil oru theerumaanamaaay,Positive
Tovino machanzz oru rakshayumilla waiting for  kalkki,Positive
Mamangam oru mamangamaayi thanne kondadum... great,Positive
Ithu polikkum surajin kodukk oru like.,Positive
Vedikettu...ee vecation Lucifer kondupoyi makkale....Lalettan & Rajuettan ....,Positive
Onnum parayanilla.. ikka ee role polichadakkum enn sure,Positive
Malayala cinemayude range enthanen ariyan erikkunathe ullu MAMANGAM,Positive
Poli.      L,Positive
inn poyi padam kandu ..ufffffff oru rakshayum illa poliii,Positive
Malayala cinemayude .....  Ore oru Rajavu   #Lalettan,Positive
Mass trailer... Lalettaaaaa oru rakshayumilla. Pwolichu... Lalettan muthaanu... Prithvi sarikum njettichu. Lalettan+prithvi=Lucifer(blockbuster )... Lalettan ishtam,Positive
Avasanam oru superman puchu ude  mamukka powlikum  kude madura rajayum,Positive
lov uuuuuuuuuu etttaaaaaaa  romajam vanu chavum,Positive
Uff uff uff ijjadi ikaaaaaaaaaaaaa ponnikkkaaaaaaaa,Positive
Kgf poleyulla padam kanda feel.. kidilam,Positive
Jayasurya MASS Look! And super trailer,Positive
Kola mass ennu thoniyavar evdea like adiku,Positive
Supr trailer oru vettame like adikkan pattullu ennoru sankadam athra kidu trlr,Positive
Ikkha Mess aanu  #mamookkha  #dq,Positive
Super aakumennu ariyamayirunnu pakshey etu maha maha soooper....,Positive
Onnum parayaanilla.....kaathirikkunnu Lucifer ney kaanaan!!! Prithvirajj polichuttooo...iniyum porattey cinemakal....Muralii...ingalu muthaanu...,Positive
Full pulimurugan castith polikm muruga nee theerneda,Positive
Ikka Fans Like here  And Maranamass,Positive
Oru rakshem illaa  Lalettan  Prithvi,Positive
rajaede pilllar strong anell ettante pillerrr strongoo strong.....,Positive
Mammukka kalakam super trailer rajaiuda team double strong alla trouble strong annu,Positive
Ente ponno rajuvetta namichu lalettan is back,Positive
E  adaaar item adaaar item ennu paranchal entha ennu eppalla manasilayathu,Positive
trailar mas  padam marana mas rajayum pillarum kali thudagi  pakalam,Positive
Ikka,Positive
Ente ponnoo ejjathi  Ithu malayalathinte oreoru mamangam,Positive
Duper hit aavatte  Mammookka,Positive
Dislike adikkunnavan mar kandoooo Lalettan puthiya adar item................,Positive
Romancham vanna trailer... and ...lalettante..Vaadaa...!!!.... ith pwolikkum.....,Positive
Ethra kandalum veendum kanan thonunna trailer.,Positive
good,Positive
Wow  katta maas movie.... ....waiting,Positive
Oru rakashayum ella  Ikka polichu,Positive
Lucifer ...Rajuvettan malayalcinemakku nalkan pokunna ponthuval .....Lalettann awaiting ....For your devil lucifer,Positive
Lokathilie ettavum mikacha nadan,Positive
Terror bgm theater ilakki marikkunna item aanenn oru soochana iam waiting,Positive
Poli oru rakshayum illa...  dileep ettan...,Positive
Ethu 18 alla ethu athukum mele Ulla PADI Anu,Positive
Annum inum ee manilla natturajavuu lalettan matram ettan ishtam,Positive
Super movie lalettan oru rakshella,Positive
PazhKkam koodubol veeryam koodunna veenanu ikka,Positive
romanjification love you laletta ithu pwolikkum,Positive
Nte laletta  Idikatta waiting aaa..... Ummah. Theatre pooraparambha urappaa,Positive
Camera chaithirikkunnathu nalla pakka pakka... Nalla dop.... Orupadishtay,Positive
Ikka fan alla ennalum ith ikkade etavum valiya blockbuster avate Ennan agraham,Positive
Mammmokhaaa 69 vayyas ayye annetum look entaa ponooo,Positive
cinema virodhikal dislike aayittu ethiyalo.. nthado nannaavaathe.. ikkayeyum ettaneyum verukaan ngane pattunnu keedangale..??,Positive
Lalettnje engne kanan agrahichu ath angne namnal kandu,Positive
Enatammo pwoli itemm marana mass trailer,Positive
FDFS locked Megastar Mamookka,Positive
Inganathe oru padathin vendi aayirunnu kaathiripp...avanteyokke.. friendshipum..romanceum...chaliyum..masalayum.. kand maduth,Positive
Lalettan massaaa verum Mass Alla kolamass lalettan ki jaiiii,Positive
Polichu trailer by suriya fan padam polikum,Positive
Oru reksham ella masss atra parayan epol patuuuuuuu laletan polychu,Positive
Ooh!! Mass ennoke paranjal para masss... Lalettan kiii,Positive
dhe ithayrunnu njangalkku vendathu <3 rajuvetta thank you so much <3 lalettan <3,Positive
Nalla oru survival movie avum enn pratheekshikunnu,Positive
Enta ponoooo  enna lookaaaaa,Positive
E Padam Hit avunnu e Trailer kandittu thonnunna #LalettanFans Hit #LIKE #SpikerzTraveller,Positive
Kandittu malayala cinimak nalloru savidayakan koodi kittum ennoru thonal,Positive
Njan kandukondee irikunnu... vendum vendum.. vere aarenkilm undo ennae pole....,Positive
Vineeth ettante film aayathukondu super aayirikum urappaaa,Positive
Ini releasine vendi katta waiting,Positive
Aadhyam lalettante kude Lucifer...Ippo mammukayude koode ith....Rajuvettaaa,Positive
Padathil animation undenn paranjappo ethreem karutheela   Ikka super,Positive
Time @2:03 am....ethu kanditteee urangan pogunullu.....nale Kanan bakki vachillaa ennu thannee kanannm.... waiting to see #lal,Positive
Kolakkollliiii  trailer kand njettiyavr aarund,Positive
EE  oonam ETT!M@@N! KONDUPOOKUM THERRCHA.....,Positive
ikka ningal enthina ingane njangale romanjam kollikane,Positive
ee pulli great father inte grand father aaayi varum....kolakolli item,Positive
Oh enthoot kidu trailer laletta.. kidu mass!!! Love u.. and welldone Prithviraj!,Positive
Ee christmasile oru mass entertainer aavum ee film....,Positive
Trailer ndoke erakiyalum lalettante record thakarkan lalettanu matre pattu,Positive
Laletta ingal vere leval annu Waiting #L,Positive
NOV 21 MAranamass Pwolii  FDFS Locked,Positive
Shooooo....9 manikku kaanan thodangiyadhaa....12:30 aayi....ethra vattam kandu ennadhinum kanakkilaa....nirthaan pattunilalo.....oru katta Mohanlal prithviraj aaradhakande rodhanam!!!!!,Positive
Ee Easter um Vishum njangal angu eduthu..,Positive
Super waiting Ikka fans like idh Madhura Raja daaaa,Positive
Raj yeta thagarthuve movie super dooper hit adichi polikam even in tamil nadu ithu nambalda movie ah hit akam,Positive
Laletttaaaa heavy padam industrial hit definite,Positive
Variety laletta,Positive
Ith powlikkutttaaaa...... Mavoyist alla avnta appan vannalum nammal odikkum,Positive
katta waiting ..from a katta ettan fan,Positive
Onnum parayanila. ..nte ponno ...katta waiting March 28,Positive
Ee Aduth Kandathil Veach.... Kidilan Trailer....  Ikka....Padam Pwolikum,Positive
Trailer veedum veedum kanunavare njn mathramoo??????,Positive
Ambo... marakam ikka polichu by katta lalettan fan,Positive
Suraj Chetan kunjunni maashinte athe cut und.....valare nalla character chetaa,Positive
Ith oru onnonnara film aanennu ente manass parayunnu,Positive
Ente rajuettaa ningl oru jinn aanu,Positive
Sorry Trailer  veendum veendum kandukondirikunnathkaranam Comments\r  vazhikkan pattiyittilla Mammookka polikkum,Positive
Trailer TRIPLE STRONG akumenu orapullavar like adik,Positive
Oru rekshayum illa trailer laletta ingal oru maha sambhavaato,Positive
Supper Mamooka Mamooka Pakaram Mamooka Mathram,Positive
Lucifer   Trailer.Mammokka kidukki . Trailer Eshttapettavar evide Like 鉥鉥鉥 鉥桌鉞鉥鉥喪,Positive
Trailer pwolliiii Eni padam koodi set ayaaa,Positive
Hvy bgm.... Hvy trailer....... Hvy massssssssss...... Ikkaaaaaaaaaa polikkumm.... Romanjam kond irikan vayya.... Ikka inga polikkum,Positive
Mammooka polikum asifikka yude oru guast roll  athinum katta waiting,Positive
Ithil polikkan pokunneth aah pillera50 more newcomers aahaa,Positive
100cr club keriyathinu sesham trailer kandavar undo,Positive
X mas en oru pooram aha,Positive
Super mammoookkkaaa... ....   Oru lalettan bhakthan..,Positive
No way man ikkaaaa next hit,Positive
Waiting .. Katta waiting.... Mammooka love you  Ikka istham,Positive
Adaaar item   Lalettan and Prithuvi.,Positive
Mamooka ningal vismayipichu kontirikaanu ee prayathilum,Positive
Pwolichu Bgm Vere Level Ikka Waiting,Positive
Ijathi item  kandittey povu,Positive
Entammooooo oru raksha illatha trailer Bgmil evidekkeyo avengersinte bgm ullath Poole thonnunnath enik maathram aano?,Positive
Oru raksha illa oru adaar item  Marana Mass Ennu Paranjaal ithanu  Super Super Super,Positive
Lalettan prithvi combo ....,Positive
trailor editor kk oru kuthirapavan kodukaan thonnunavar ivide camonnnn!!!!,Positive
ikka scholl mass dailogue ellarum maranna mattoru item und therrunnillallo katta exitment raju ettan  full suspence...,Positive
Mamookayude padamaayalum lalettan te padamaanenkilum itoru malayalam padamaanu athorkanam nammaku Ella industrikaleyum vettichu nammade Malayalam industriye unnatangalil ethikanam,Positive
supr ikka powli ..... padam supr arikkim urappaa.... ikka lve u ....,Positive
Padathe patti undayirunnu ah mundharana maari...Oru mass padam thanne ayirikkum...Best wishes,Positive
Kurach massum aayittanallo jayetta ipravishathe varav,Positive
Makkale ethu polikkum    oru raksayumilla,Positive
Mass enokka paranja onannara mass athanu mammukka....,Positive
Ikka polichu athum e prayathil love u ikka,Positive
Tovino chetta pwoli love from Kanniyakumari,Positive
Adipoly . Rocking enik eshtamaayi . Adipoly . Rock on,Positive
BGM kidukkiiiiiiiii makkale koode mammukka combi,Positive
Mamukka I  like  you,Positive
Dileepettan...luv u ..luv u so much,Positive
MURALI GOPI NINGALUDE DIALOGUE PWOLIYAANU. ..MWTHE,Positive
Ithe namma jayikkan mathram kalikana kaliyaaaaa,Positive
Katta waiting,Positive
Oru rakshyum illatha trailer Trailer ingane aanenkil movie eganeyayirikkum mass aayirukkm,Positive
Lalettante katta fan aanu njan all the best laletta,Positive
Ithu polikkum urappa...kidu..... Prithvikoodi undaavanamennu aagrahikkunnu... By a lalettan fan,Positive
Entammoooo lalettan clean shave look maarakam katta waiting for odiyan ettan daaaa,Positive
Perunnalinu biriyaniyum selfiyu palliyil pokkum unda trailarum aaha andhass,Positive
Versatile Star Jayasurya  Mass kaa baap  pwoli item loading.......,Positive
Rajuvetta katta waiting for Lucifer,Positive
Sooragetta poolichutoo last dialogue epic,Positive
trailer kandu full comedy aanannu manasilakkivar evde come on,Positive
Katta mammokka fans like buttonil power kanikku Trailer polichu,Positive
November 21 avan kathirikunnavar like adich pwolikk,Positive
madhura raja trailerinu surya fansinte ashamsakal,Positive
Jayasuriya Vijaya Babu Combination After Aadu Movie.,Positive
Ee cinema ethayalum mammukaude blockbuster movie ayyirikum.100%,Positive
Asif ikka ye screen il kaanan katta waiting..,Positive
Dec 12 onn akan etra nalay waiting anu,Positive
ikka vannu makkale . iniyanu kaliyude idiyude vedi pooram,Positive
Polichu trailer mass padam marana mass aarikkum urapp,Positive
Katta waiting. Nalla padamaanennu thonnunnu.,Positive
Kalipp look and katta kalipp trailer.. blood boil moment,Positive
Mattoru DHRISHYAM...  aakum..  Aakattey..  Athinte soochana trailer il und,Positive
Kidilolkidilam item. Katta Waiting For Odiyan,Positive
Indhrans fansinte ellaa aashamsakalum supportum!!! Pwolikku makkale!!!!!,Positive
Athra thavana kanditum madip thonunile oru rekshym ile super,Positive
Valluvanaadi ne poole aavan Oru Range venamedaa,Positive
Pwli oru rakshyum illa muthaa ikkaaa,Positive
prayam koodum thorum cinema adipwoli akukayanallo,Positive
Ikkakkaano! ettanaano!  kooduthal view&like ulle enn nokkaan varunnavar ivde oru lyk idu....,Positive
Ente ikka oru rakshem Ulla,Positive
Last dialogue.... oru rakshem illla... .... Asoooya verum asoooya.... Sontham naadine vittukodukunna kali illa enth vannalm...,Positive
Madhura Raja ....Pokkiri Raja....Rajadhi Raja...Bellaadi Raja Raja Always Mammookka Da,Positive
Pani Ariyavunaknd thanneya pidichu nikune ..  oru family feel good movie koodi vrununde ...   Happy Birthday  Mammooka,Positive
Entha oru enegy nammude daddy girigayum undu ithu polikum,Positive
Ithrayum pratheekshichillaaa. Ikkayude pilleru tripple allaa 100 madangu strong aahhh,Positive
Ith polikun Nighal ath parayunnu Polikumo illayo Polikum akil like cheyu,Positive
Surajanenn trailer pakuthyethiyappo mathrame manassilayullooo... surajettan pwoli,Positive
Teateril poi kanan katta waiting ayavar like adiche.. ikka ishtam,Positive
Ntemmo... Romam eneett ninn dance kalikkunn.. Rajaaaa return,Positive
entammo romanjaam romam ezhunettu nikkunnu . enna trailara laletan marana mass,Positive
Ente ponnuu dileepetta trailer polichu ikkayude aniyanu dileepettanu vijayashamsakal nerunnu dileepettan peruthishtam ikka uyir,Positive
Ithu polichuuu ..   Tovinoo .. Broii .. I m also a ichayan of mii kalla kochu .. .,Positive
Ee 2019 enna varsham Maamookkant thanne aan,Positive
Ethra kodi kittiyalum illellum nalla film aayal mathiyaayrunnu,Positive
Ee Trailer Njan Thaetril Kandappo Ennaa Feelaan! Tovino Achayan Ishtam!,Positive
Ippozhum repeat adich kanunnavar ivdey like ikka,Positive
immathiri item ellam abhrapaliyil kananamenkil innum ee arupathiyettukaran orungiyiranganamennathu enthoru virodhabhasamanu #proudofyou mammookka,Positive
Mamoookaaaa massssss.....uff rakshayillaaaa...ikka ennum mass ka bapp,Positive
Otta peru MAMMOOTY  bgm kodoora mass Apo eidum abrahaamin,Positive
ikka ennum top lanu one and only raja,Positive
#brothersday yil prithwiraj sukumaran #LAD il mallika sukumaran #ittimaniyil late sukumaran This onam polikkum,Positive
Nannayi varatte . Manassil niranja Ashamsakal,Positive
Ente ponnu mammokka ningalekkondu oru rakshayumillallo,Positive
Ikkaykk lalettan fans inte vaka oru adipoli wish,Positive
Rajetta ithreyum pratheekshchillaa.... kidu feel... romaanjam. Ithu pwolikkum,Positive
Onne parayanollu eee prayathil eemathiri role athu mamookakkalathe arkuu pattum,Positive
Mamangam ikka ithre vendu katta waiting,Positive
We r waiting 4 stephen nedumumpalli.lalettan rajuvettan combo mooshamaavilla yennariyaam. Trailer polich,Positive
laletta oru raksha illaa all over super annu.. thanks to prithvi,Positive
Ente ammo kidilol kidilam. Oru raksha illa. Prayathe vellum veeran,Positive
Ithu kandittu eganna unlike addikan thothuthooo avoo,Positive
Ninga polik ikka namma undu koode......alla pinne..,Positive
Asoooya thonua ikka...  Ikkka nigalu Maass aanu,Positive
Innaleyaaane kandath super Padam..... ellarum famlyaaayi poyi kanan super abinayam,Positive
Masss katta waiting Ikka rajuettan fans,Positive
2019 eattande um ikkade um thanne anu makkale....,Positive
ikka fansum onnu kandu sahakarikanam ennu abhyarthikkunnu,Positive
2019 Mammokka angeduthunnu parayan paranju.,Positive
Jeevathod chernn nilkunna padangal aanu lalettanum mammokkayum cheyyendath... waiting lalattan fans,Positive
Unniyettan Polichuu.Unni Mukundan Fans Like Here,Positive
Adi poli ini relees aayal mathi,Positive
ethil pritvi kanum en manas parayunnu,Positive
Superb ikka njn oru ettan 鉥徇晷鉞,Positive
eth theatre allaam onn  kulukkum,Positive
Rajuettan making super...ini padam koode super hit aya mathi,Positive
KATTA WAITING  ////./../// FOR  LALETTANSZZZZ MAGIC.....,Positive
Ente ponno oru rkshayum illa,Positive
1 divasam 3l kudutal tavane kanunavar arokke und,Positive
Mammukka ningale kurich onnum parayanillaa ith enthe avasanathe vakkaaa  storong 999,Positive
Ente ponnikka ingal enna monj aane,Positive
No words dileepettaaa... best actor and janapriya nayakan beautiful trailer,Positive
L2  EMPURAN LOADING SOON..KALLI THEERNILLA MAKKALLE .,Positive
Prayaththe vellunna meyazhakkam ulla nadanan megastar.prayam marannulla aareyum athishayippikkunna actions aan enikk eetavum kooduthal ishtappettath,Positive
Enna.....or kidilan bgn aanu.. ith polikkum,Positive
vndum vndum kanan njanum und ettan,Positive
Ithu oru poli polikum  item,Positive
Appo engane pullaare... Pwolikuvalle,Positive
Charithra purushyan  Living legend  Mahanadanam Megastar mammootty,Positive
Oro thavana kanumbozhum romanjam ikkaaaaa,Positive
Action  scene itra manoharamai chaiyyan unniyettane kazhinje ollu bakki ellarum.......chettante carrier best aayirikkum ChandrothPanickar enna kadhapatram...waiting,Positive
Kidu item myrole...onnum parayanilllaa....adipwoli...fdfs.    Lockeddd .ikkkkkkkaaaa loveee uuu,Positive
Adipowli trailor rajuvetta ettane powerful eyes ela seenillum,Positive
Rajayum rajede pillarum stonga tripple strong,Positive
Mammootty ..    Mamangam Trailer..  Vere.. vere..Vere level,Positive
Nalla kidilan trailer. nalla oru family entertainer aanenu thonnunu,Positive
Pazhassiraja sharathkumar polichath pole mamankam unnimukundanum polichadukkatte.... Fit body yaar,Positive
Poli ploi nte ponno romanjam,Positive
Athiradi mass aaan ippol thonuva chilarude realease onnum mattandayirunnu enn oru olathin,Positive
35 minutes...watched 5 more times...Stephen nedumpalliyude kalikalkku waiting...,Positive
Poli......poli....super ikka poli super double super,Positive
Padam mass verum mass alla kola mass,Positive
njan oru katta ettan fan pakshe ikkayude ee unda pollikkum,Positive
Kuduthal thavaana kanannu thunnuna padam annu oru rakshayum illa polliwchu,Positive
Ikkante trailerlum polichu. lalettante trailer polichu.we vacation adipoliyayirikum.,Positive
ikka mass alle.lalettan fAns kude ondu,Positive
angana pritviye kanan 5 july,Positive
Lalettan Lucifer pwolich.... aduttat Mammookka de Madura Raja.... malayalatile 2 megastars,Positive
Kandu pinnum kandu veendum kandu sheham kandu ippol kandu ithu kazhinuu kandu,Positive
Oru Adaaar Item  Ikka pwolikkum Marana Maaasssssss,Positive
Nde ponnu idivitte powlich adachu adichu powlikkeda makkale mammoooka,Positive
Oru narasimham usthad okke orumich kanda oru sughm kittyy... kuliroodu kuliru... laaleettaa... raju... no rekshaa... iniyum kaanan thonnunnavr like,Positive
Eganegilum 12 aam thiyathi aaya mathiyaayirunnu katta waiting,Positive
Veendum veendum Vann kaanunnath njan maathramaano,Positive
Enthaylum... Oru adaar feel undu... Tamil look,Positive
68 tikayunna youthanu veendum oru perunnal sammanam prisharadi vaka..,Positive
Pwoli trailer sunny chechiii istam ikka jeevanaanu,Positive
padam hit.....pani ariyavunnavar film pidichal trailer kandalum goosebumps varum,Positive
L.. Prithviraj  lalettanilude oru adaar item thanne kond vanno...,Positive
Adipoli trailer movie kanan wi8ing. oru psycho indannu prathishikaam,Positive
Ikka fan aanne  Ennalum parayuva kolakolli item,Positive
Ithe kandirikkum enn ullvar like itte pokko,Positive
Njan laletten fananu ...  pakshe trailer kandu romam enittu nikkinnu,Positive
ikka and rajuettan... uff goose bumps,Positive
Sound athu screenil kanam  lalettan polikkum,Positive
Ine lucifar  loosaavum  illenkil raaja loosakkum ntammo kidu mammookka,Positive
Uff Mammookka'$ entry BGM Stunning trailer,Positive
Evideyo miss aaya pole pazhaya lalettane thirichu kittiya pole..thaadi vecha pinne..payyan pwoli alle....luv u. .Lalettaa...,Positive
Nt ikka ingalu verm ikka allatto ponnikkaya  #romanjified,Positive
Immathiri mass  Last aa chadi idi super Ethu polikkum  Ikka um pillareum triple  Strong aaa,Positive
Anttemoo anthayith akkee kudee oru koritharip,Positive
Aa chekkan polikan ulla ella chance um kanunnund,Positive
Superb Laletta .....Love you lotsssss......Othiri ishtam Lalettane,Positive
Ikka poliyhanu ithreyum prayathil inghanew okke nikkunillew ikka vere level annu poli ahh ikka,Positive
Ayippan poli an muthe ni an muthe hero ayappan fans like,Positive
Odi vidyakal kannan kathu nilkukyanu laletta,Positive
Ente anna oru rakshaym ella.... Adipwoli,Positive
Bgm .. repeat mode .. njan maathram aano?,Positive
Ithilum mikacha trailer swapnangalil mathram,Positive
Mass odiyan Mass kollamass kattaa waiting kidilam,Positive
Katta katta katta katta waiting....cant wait man,Positive
Entho ishtam aanu ellarkum ee Ittimaniye,Positive
ikkaa polichu.. big b mood poli bgm,Positive
Machane pwolii item inka pwolikkum.   Thakarkkum,Positive
Kiduvo kidu.... .. onnum parayan illaa ...,Positive
Laletta adich policho laletta Nigaloru muthaan ie padam Vijayikom nokiko apo,Positive
Powlichu,Positive
LuCIfeR        polichu poli,Positive
Soubinum Suraj ettanum polichuuuu padam poliiiii  oru family ayittum kannan pattiya nalla padaaammm,Positive
E... Nanjankottayil aarudeyumkanneroppan vannavanalla njan... Ennal karayikunnavanteyokkry Tala njan adichupolikum...   Kidu kidu kidu mass punch dialouge....,Positive
Mammokka Ennum oru lahariyaanu.Annum Ennum athbudappeduttiyittey ullu. Padam oru vambhan hittakum..minimum 250cr  kadakkum..lookam vaaythum mammotty enna,Positive
Acting  illa.... baki illathoke pinne,Positive
Ivide Palakkad Jayettan Fans club nnu ashamsakal!!! Adichal romam ennikum athaanu Thrissur pooram,Positive
HBD mammokka       By Die hard ettan fan,Positive
Onnum parayan illa laletta u trigger again ...,Positive
Dear Mammookka,Positive
Onnil kuduthal kanda trailer ambooo powli....,Positive
As a mammokka fan trailer kidukki padam nalla oru vijayamayi theeratte,Positive
Youtube hang avan ready ayiko L,Positive
Onnu urappa full entertainment movie yaa.. Yente ponnu ikka fans onnu kaddak pidichaal oru blockbuster engu poorum ....,Positive
Lalettan - Prithivi combo vera level...  Pwolichu Lalettan & Prithivi fans like adiku makkale,Positive
Mammooka die Hard fans LIKE adichu polikk ith logam kaathu ninna RAJA yude varav ith polikkum,Positive
trailer kidukki look at the likes,Positive